/*
SQLyog Community v12.2.1 (64 bit)
MySQL - 5.6.20 : Database - db_chem_lab
*********************************************************************
*/

/*!40101 SET NAMES utf8 */;

/*!40101 SET SQL_MODE=''*/;

/*!40014 SET @OLD_UNIQUE_CHECKS=@@UNIQUE_CHECKS, UNIQUE_CHECKS=0 */;
/*!40014 SET @OLD_FOREIGN_KEY_CHECKS=@@FOREIGN_KEY_CHECKS, FOREIGN_KEY_CHECKS=0 */;
/*!40101 SET @OLD_SQL_MODE=@@SQL_MODE, SQL_MODE='NO_AUTO_VALUE_ON_ZERO' */;
/*!40111 SET @OLD_SQL_NOTES=@@SQL_NOTES, SQL_NOTES=0 */;
CREATE DATABASE /*!32312 IF NOT EXISTS*/`db_chem_lab` /*!40100 DEFAULT CHARACTER SET utf8 */;

USE `db_chem_lab`;

/*Table structure for table `chem_account` */

DROP TABLE IF EXISTS `chem_account`;

CREATE TABLE `chem_account` (
  `ca_pk` int(10) NOT NULL AUTO_INCREMENT COMMENT 'PK บัญชี',
  `ca_code` varchar(10) DEFAULT NULL COMMENT 'รหัสผู้ใช้',
  `ca_user` varchar(20) DEFAULT NULL COMMENT 'username ผู้ใช้',
  `ca_pass` varchar(20) DEFAULT NULL COMMENT 'password ผู้ใช้',
  `ca_tname` varchar(10) DEFAULT NULL COMMENT 'คำนำหน้าผู้ใช้',
  `ca_fname` varchar(30) DEFAULT NULL COMMENT 'ชื่อผู้ใช้',
  `ca_lname` varchar(30) DEFAULT NULL COMMENT 'นามสกุลผู้ใช้',
  `ca_tel` varchar(20) DEFAULT NULL COMMENT 'เบอร์โทร',
  `ca_useflg` varchar(1) DEFAULT NULL COMMENT 'สถานะการใช้งาน',
  `ca_crtDt` datetime DEFAULT NULL COMMENT 'วันเวลาที่เพิ่ม',
  `ca_updDt` datetime DEFAULT NULL COMMENT 'วันเวลาที่แก้ไข',
  `ca_credit` double DEFAULT NULL COMMENT 'เครดิต',
  `ca_cat_fk` int(11) DEFAULT NULL COMMENT 'FK ประเภทบัญชี',
  PRIMARY KEY (`ca_pk`),
  UNIQUE KEY `ca_user_unq` (`ca_user`),
  KEY `ca_cat_fk` (`ca_cat_fk`),
  CONSTRAINT `ca_cat_fk` FOREIGN KEY (`ca_cat_fk`) REFERENCES `chem_account_type` (`cat_pk`)
) ENGINE=InnoDB AUTO_INCREMENT=7 DEFAULT CHARSET=utf8;

/*Data for the table `chem_account` */

insert  into `chem_account`(`ca_pk`,`ca_code`,`ca_user`,`ca_pass`,`ca_tname`,`ca_fname`,`ca_lname`,`ca_tel`,`ca_useflg`,`ca_crtDt`,`ca_updDt`,`ca_credit`,`ca_cat_fk`) values 
(1,'M001','manager','1','ดร.','เมเนเจอร์','ทดสอบระบบ','0123456789','1','2016-03-25 00:53:15',NULL,NULL,1),
(2,'T001','teacher','1','ดร.','อาจารย์','ทดสอบระบบ','0912345678','1','2016-03-25 00:55:08',NULL,1000,2),
(3,'O001','operator','1','ดร.','โอเปอเรเตอร์','ทดสอบระบบ',NULL,'1','2016-03-25 00:55:39',NULL,NULL,3),
(4,'S001','scientist','1','ดร.','นักวิทย์','ทดสอบระบบ',NULL,'1','2016-03-25 00:56:09',NULL,NULL,4),
(5,'x001','x001','x0011','ดร.','อาจารย์ทดสอบ1','ทดสอบระบบ','54321','1','2016-03-25 00:56:09','2016-03-28 00:06:07',100000,2),
(6,'x002','x002','1','ดร,','อาจารย์ทดสอบ2','ทดสอบระบบ',NULL,'1','2016-03-25 00:56:09',NULL,NULL,2);

/*Table structure for table `chem_account_identify` */

DROP TABLE IF EXISTS `chem_account_identify`;

CREATE TABLE `chem_account_identify` (
  `cai_pk` int(10) NOT NULL AUTO_INCREMENT COMMENT 'PK ยืนยันแอคเคาท์',
  `cai_id` varchar(20) DEFAULT NULL COMMENT 'ชื่อยืนยันแอคเคาท์เข้าใช้งาน',
  `cai_pass` varchar(30) DEFAULT NULL COMMENT 'รหัสยืนยันแอคเคาท์เข้าใช้งาน',
  `cai_useflg` varchar(1) DEFAULT NULL COMMENT 'สถานะการใช้งาน',
  `cai_ca_fk` int(10) DEFAULT NULL COMMENT 'FK บัญชี',
  `cai_crtDt` datetime DEFAULT NULL COMMENT 'วันเวลาที่เพิ่ม',
  `cai_updDt` datetime DEFAULT NULL COMMENT 'วันเวลาที่แก้ไข',
  PRIMARY KEY (`cai_pk`),
  KEY `cai_ca_fk` (`cai_ca_fk`),
  CONSTRAINT `cai_ca_fk` FOREIGN KEY (`cai_ca_fk`) REFERENCES `chem_account` (`ca_pk`)
) ENGINE=InnoDB AUTO_INCREMENT=5 DEFAULT CHARSET=utf8;

/*Data for the table `chem_account_identify` */

insert  into `chem_account_identify`(`cai_pk`,`cai_id`,`cai_pass`,`cai_useflg`,`cai_ca_fk`,`cai_crtDt`,`cai_updDt`) values 
(1,'manager','1','1',1,'2016-03-25 01:20:25',NULL),
(2,'teacher','1','1',2,'2016-03-25 01:23:09',NULL),
(3,'operator','1','1',3,'2016-03-25 01:23:50',NULL),
(4,'science','1','1',4,'2016-03-25 01:24:26',NULL);

/*Table structure for table `chem_account_type` */

DROP TABLE IF EXISTS `chem_account_type`;

CREATE TABLE `chem_account_type` (
  `cat_pk` int(11) NOT NULL AUTO_INCREMENT COMMENT 'PK ประเภทบัญชี',
  `cat_code` varchar(20) DEFAULT NULL COMMENT 'รหัสประเภทบัญชี',
  `cat_name` varchar(20) DEFAULT NULL COMMENT 'ชื่อประเภทบัญชี',
  `cat_useflg` varchar(1) DEFAULT NULL COMMENT 'สถานะการใช้งาน',
  `cat_crtDt` datetime DEFAULT NULL COMMENT 'วันเวลาที่เพิ่ม',
  `cat_updDt` datetime DEFAULT NULL COMMENT 'วันเวลาที่แก้ไข',
  PRIMARY KEY (`cat_pk`)
) ENGINE=InnoDB AUTO_INCREMENT=5 DEFAULT CHARSET=utf8;

/*Data for the table `chem_account_type` */

insert  into `chem_account_type`(`cat_pk`,`cat_code`,`cat_name`,`cat_useflg`,`cat_crtDt`,`cat_updDt`) values 
(1,'M1','manager','1','2016-03-25 00:43:14',NULL),
(2,'T1','teacher','1','2016-03-25 00:45:14',NULL),
(3,'O1','operator','1','2016-03-25 00:45:49',NULL),
(4,'S1','scientist','1','2016-03-25 00:46:32',NULL);

/*Table structure for table `chem_category` */

DROP TABLE IF EXISTS `chem_category`;

CREATE TABLE `chem_category` (
  `cc_pk` int(11) NOT NULL AUTO_INCREMENT COMMENT 'PK สารเคมี',
  `cc_code` varchar(20) DEFAULT NULL COMMENT 'รหัสสารเคมี',
  `cc_name` varchar(30) DEFAULT NULL COMMENT 'ชื่อสารเคมี',
  `cc_type` varchar(20) DEFAULT NULL COMMENT 'ประเภทสารเคมี',
  `cc_casNo` varchar(20) DEFAULT NULL COMMENT 'หมายเลข',
  `cc_state` varchar(20) DEFAULT NULL COMMENT 'สถานะสาร',
  `cc_packing` double DEFAULT NULL COMMENT 'จำนวนแพ็ค',
  `cc_volume` double DEFAULT NULL COMMENT 'ปริมาณสารเคมี',
  `cc_unit_fk` int(10) DEFAULT NULL COMMENT 'FK หน่วย',
  `cc_quantity` double DEFAULT NULL COMMENT 'จำนวน',
  `cc_location_fk` int(10) DEFAULT NULL COMMENT 'FK สถานที่',
  `cc_room` varchar(10) DEFAULT NULL COMMENT 'ห้อง',
  `cc_price` double DEFAULT NULL COMMENT 'ราคา',
  `cc_grade` varchar(10) DEFAULT NULL COMMENT 'เกรด',
  `cc_expDt` datetime DEFAULT NULL COMMENT 'วันหมดอายุ',
  `cc_desc` varchar(255) DEFAULT NULL COMMENT 'คำอธิบาย',
  `cc_producer` varchar(30) DEFAULT NULL COMMENT 'ผู้สั่งซื้อ',
  `cc_boundQ` double DEFAULT NULL COMMENT 'จำนวนที่จองในใบคำร้อง',
  `cc_useflg` varchar(1) DEFAULT NULL COMMENT 'สถานะการใช้งาน',
  `cc_crtDt` datetime DEFAULT NULL COMMENT 'วันเวลาที่เพิ่ม',
  `cc_updDt` datetime DEFAULT NULL COMMENT 'วันเวลาที่แก้ไข',
  PRIMARY KEY (`cc_pk`),
  KEY `cc_cl_fk` (`cc_location_fk`),
  KEY `cc_cu_fk` (`cc_unit_fk`),
  CONSTRAINT `cc_cl_fk` FOREIGN KEY (`cc_location_fk`) REFERENCES `chem_location` (`cl_pk`),
  CONSTRAINT `cc_cu_fk` FOREIGN KEY (`cc_unit_fk`) REFERENCES `chem_unit` (`cu_pk`)
) ENGINE=InnoDB AUTO_INCREMENT=446 DEFAULT CHARSET=utf8;

/*Data for the table `chem_category` */

insert  into `chem_category`(`cc_pk`,`cc_code`,`cc_name`,`cc_type`,`cc_casNo`,`cc_state`,`cc_packing`,`cc_volume`,`cc_unit_fk`,`cc_quantity`,`cc_location_fk`,`cc_room`,`cc_price`,`cc_grade`,`cc_expDt`,`cc_desc`,`cc_producer`,`cc_boundQ`,`cc_useflg`,`cc_crtDt`,`cc_updDt`) values 
(2,NULL,'4-Acetamidophenol ',NULL,'103-90-2','S',100,100,4,500,1,'506',3,'Ar.','0000-00-00 00:00:00','ย้ายไปคลัง 2','Sigma',2,'1','2016-03-24 18:42:39','2016-04-12 17:10:48'),
(3,NULL,'Acetic acid glacial',NULL,'64-19-7','3',3,3,3,500,1,'506',490,'Ar.','0000-00-00 00:00:00','','carlo',21,'1','2016-03-24 18:42:39','2016-04-12 17:11:43'),
(4,NULL,'Acetone',NULL,'67-64-1','3',3,3,3,490,1,'506',490,'Ar.','0000-00-00 00:00:00','','fisher',1,'1','2016-03-24 18:42:39','2016-03-24 18:42:39'),
(5,NULL,'Acetone ',NULL,'67-64-1','3',3,3,3,498,1,'506',1,'GC','0000-00-00 00:00:00','','fisher',8,'1','2016-03-24 18:42:39','2016-03-24 18:42:39'),
(6,NULL,'Acetone ',NULL,'67-64-1','3',18,18,3,500,1,'506',1,'Com','0000-00-00 00:00:00','','',1,'1','2016-03-24 18:42:39','2016-03-24 18:42:39'),
(7,'123','Activated carbon Powder 2.5 m.','123','123','S',1,1,1,500,1,'506',1,'Ar.','2016-04-05 11:23:03','ป.พอลิเมอร์','merck',3,'1','2016-03-24 18:42:39','2016-04-12 18:14:04'),
(8,NULL,'Acetonenitrile ',NULL,'75-05-8','S',1,1,1,500,1,'506',690,'Ar.','0000-00-00 00:00:00','ป.พอลิเมอร์','BDH',0,'1','2016-03-24 18:42:39','2016-04-12 18:14:04'),
(9,NULL,'Aluminium Fluoride',NULL,'32287-65-3','S',100,100,4,499,1,'506',0,'Ar.','0000-00-00 00:00:00','ปัจจุบันนำเข้าไม่ได้','BDH',6,'1','2016-03-24 18:42:39','2016-03-24 18:42:39'),
(10,NULL,'Aloin appox 50 %',NULL,'8015-61-0','S',100,100,4,500,1,'506',0,'Lab','0000-00-00 00:00:00','','Bio chem',0,'1','2016-03-24 18:42:39','2016-03-24 18:42:39'),
(11,NULL,'Acetonenitrile ',NULL,'75-05-8','3',3,3,3,500,1,'506',1700,'HPLC','0000-00-00 00:00:00','','fisher',17,'1','2016-03-24 18:42:39','2016-03-24 18:42:39'),
(12,NULL,'Ammonia 25%',NULL,'7664-41-7','3',3,3,3,500,1,'506',390,'Ar.','0000-00-00 00:00:00','','fisher',0,'1','2016-03-24 18:42:39','2016-03-24 18:42:39'),
(13,NULL,'Ammonia 30% ',NULL,'7664-41-7','3',2,2,3,500,1,'506',380,'Ar.','0000-00-00 00:00:00','','carlo',0,'1','2016-03-24 18:42:39','2016-03-24 18:42:39'),
(14,NULL,'Ammonia 30%  ',NULL,'7664-41-7','3',3,3,3,500,1,'506',380,'Ar.','0000-00-00 00:00:00','','JT baker',0,'1','2016-03-24 18:42:39','2016-03-24 18:42:39'),
(15,NULL,'Ammonium acetate',NULL,'631-61-8','S',1,1,1,501,1,'506',650,'Ar.','0000-00-00 00:00:00','ป.สิ่งแวดล้อม','fisher',0,'1','2016-03-24 18:42:39','2016-04-12 14:57:06'),
(16,NULL,'Ammonium chloride',NULL,'12125-02-9','S',1,1,1,500,1,'506',430,'Lab','0000-00-00 00:00:00','','fisher',10,'1','2016-03-24 18:42:39','2016-03-24 18:42:39'),
(17,NULL,'Ammonium chloride',NULL,'12125-02-9','S',1,1,4,500,1,'506',550,'Ar.','0000-00-00 00:00:00','','fisher',0,'1','2016-03-24 18:42:39','2016-03-24 18:42:39'),
(18,NULL,'Ammonium citrate',NULL,'3012-65-5','S',500,500,4,500,1,'506',360,'Ar.','0000-00-00 00:00:00','','FLUKA',0,'1','2016-03-24 18:42:39','2016-03-24 18:42:39'),
(19,NULL,'Ammonium oxalate',NULL,'1113-38-8','S',500,500,4,500,1,'506',825,'Ar.','0000-00-00 00:00:00','','carlo',0,'1','2016-03-24 18:42:39','2016-03-24 18:42:39'),
(20,NULL,'Aniline',NULL,'62-53-3','3',500,500,5,500,1,'506',850,'Ar.','0000-00-00 00:00:00','ป.พอลิเมอร์','carlo',0,'1','2016-03-24 18:42:39','2016-03-24 18:42:39'),
(21,NULL,'Barium Chloride',NULL,'10361-37-2','S',1,1,4,500,1,'506',720,'Ar.','0000-00-00 00:00:00','','carlo',0,'1','2016-03-24 18:42:39','2016-03-24 18:42:39'),
(22,'','Barium nitrate','','10022-31-8','S',1,1,1,500,1,'506',1,'Ar.','0000-00-00 00:00:00','','carlo',0,'1','2016-03-24 18:42:39','2016-04-07 23:25:10'),
(23,NULL,'Benzene',NULL,'71-43-2','3',3,3,3,500,1,'506',900,'Ar.','0000-00-00 00:00:00','','Labscan',0,'1','2016-03-24 18:42:39','2016-03-24 18:42:39'),
(24,NULL,'Benzenethonium chloride',NULL,'121-54-0','S',500,500,4,501,1,'506',5,'Ar.','0000-00-00 00:00:00','','carlo',0,'1','2016-03-24 18:42:39','2016-03-24 18:42:39'),
(25,NULL,'Benzoic Acid',NULL,'65-85-0','S',250,250,4,500,1,'506',500,'','0000-00-00 00:00:00','','fisher',0,'1','2016-03-24 18:42:39','2016-03-24 18:42:39'),
(26,NULL,'Boric acid',NULL,'65-85-0','S',1,1,1,500,1,'506',780,'Ar.','0000-00-00 00:00:00','','fisher',3,'1','2016-03-24 18:42:39','2016-03-24 18:42:39'),
(27,NULL,'Bromine',NULL,'7726-95-6','3',250,250,5,500,1,'506',2,'','0000-00-00 00:00:00','','',0,'1','2016-03-24 18:42:39','2016-03-24 18:42:39'),
(28,NULL,'Bromocresol green',NULL,'76-60-8','S',5,5,4,500,1,'506',630,'Ar.','0000-00-00 00:00:00','','carlo',0,'1','2016-03-24 18:42:39','2016-03-24 18:42:39'),
(29,NULL,'Bromthymol blue',NULL,'76-59-5','S',5,5,4,500,1,'506',630,'','0000-00-00 00:00:00','','carlo',1,'1','2016-03-24 18:42:39','2016-03-24 18:42:39'),
(30,NULL,'Buffer   pH 4',NULL,'','3',500,500,5,500,1,'506',250,'Ar.','0000-00-00 00:00:00','ตู้เย็นห้อง506','carlo',0,'1','2016-03-24 18:42:39','2016-03-24 18:42:39'),
(31,NULL,'Buffer   pH 7',NULL,'','3',500,500,5,500,1,'506',250,'Ar.','0000-00-00 00:00:00','ตู้เย็นห้อง506','carlo',0,'1','2016-03-24 18:42:39','2016-03-24 18:42:39'),
(32,NULL,'Buffer pH 9',NULL,'','3',500,500,5,499,1,'506',250,'Ar.','0000-00-00 00:00:00','ตู้เย็นห้อง506','carlo',1,'1','2016-03-24 18:42:39','2016-03-24 18:42:39'),
(33,NULL,'Calcium carbonate',NULL,'471-34-1','S',1,1,4,500,1,'506',850,'Ar.','0000-00-00 00:00:00','','carlo',0,'1','2016-03-24 18:42:39','2016-03-24 18:42:39'),
(34,NULL,'Calcium chloride dried.',NULL,'10035-04-8','S',1,1,1,500,1,'506',840,'Ar.','0000-00-00 00:00:00','','carlo',0,'1','2016-03-24 18:42:39','2016-03-24 18:42:39'),
(35,NULL,'Calcium chloride  dihydrate',NULL,'10035-04-8','S',1,1,1,500,1,'506',630,'Ar.','0000-00-00 00:00:00','','carlo',0,'1','2016-03-24 18:42:39','2016-03-24 18:42:39'),
(36,NULL,'Calcium hypochlorite',NULL,'7778-54-3','3',1000,1000,5,500,1,'506',1,'Ar.','0000-00-00 00:00:00','','',0,'1','2016-03-24 18:42:39','2016-03-24 18:42:39'),
(37,NULL,'Calcium nitrare',NULL,'13477-34-4','S',1,1,1,500,1,'506',740,'Ar.','0000-00-00 00:00:00','','carlo',0,'1','2016-03-24 18:42:39','2016-03-24 18:42:39'),
(38,NULL,'Carbontertrachlroride (CCl4)',NULL,'56-23-5','3',18,18,3,500,1,'506',2,'Com','0000-00-00 00:00:00','','',0,'1','2016-03-24 18:42:39','2016-03-24 18:42:39'),
(39,NULL,'Chloro acetic acid',NULL,'79-11-8','S',500,500,4,500,1,'506',1,'Ar.','0000-00-00 00:00:00','','carlo',0,'1','2016-03-24 18:42:39','2016-03-24 18:42:39'),
(40,NULL,'Chlorofrom',NULL,'67-63-3','3',3,3,3,500,1,'506',680,'Ar.','0000-00-00 00:00:00','','carlo',0,'1','2016-03-24 18:42:39','2016-03-24 18:42:39'),
(41,NULL,'Cobaltous(II) chloride hexahyd',NULL,'7646-79-9','S',250,250,4,501,1,'506',1600,'','0000-00-00 00:00:00','','carlo',2,'1','2016-03-24 18:42:39','2016-03-24 18:42:39'),
(42,NULL,'Cobaltous nitrate ,Co(NO3)2',NULL,'10141-05-6','S',250,250,4,498,1,'506',2,'Ar.','0000-00-00 00:00:00','','carlo',4,'1','2016-03-24 18:42:39','2016-03-24 18:42:39'),
(43,NULL,'Copper (II) chloride',NULL,'7447-39-4','S',1,1,1,500,1,'506',800,'Ar.','0000-00-00 00:00:00','','carlo',0,'1','2016-03-24 18:42:39','2016-03-24 18:42:39'),
(44,NULL,'Copper (II) Nitrate',NULL,'13478-38-1','S',500,500,4,500,1,'506',880,'Ar.','0000-00-00 00:00:00','','',0,'1','2016-03-24 18:42:39','2016-03-24 18:42:39'),
(45,NULL,'Copper sulphate',NULL,'7758-98-7','S',1,1,1,501,1,'506',1250,'Ar.','0000-00-00 00:00:00','ย้ายไป ป.หลังใหม่','carlo',1,'1','2016-03-24 18:42:39','2016-03-24 18:42:39'),
(46,NULL,'Cupper sulphate (II) pentahydr',NULL,'16448-28-5','S',1,1,1,500,1,'506',530,'','0000-00-00 00:00:00','','Lab',0,'1','2016-03-24 18:42:39','2016-03-24 18:42:39'),
(47,NULL,'Cyclohexane',NULL,'110-82-7','3',3,3,3,500,1,'506',980,'Ar.','0000-00-00 00:00:00','','',0,'1','2016-03-24 18:42:39','2016-03-24 18:42:39'),
(48,NULL,'Dichlorometane',NULL,'75-09-2','3',3,3,3,500,1,'506',550,'Ar.','0000-00-00 00:00:00','','',0,'1','2016-03-24 18:42:39','2016-03-24 18:42:39'),
(49,NULL,'Dichlorometane',NULL,'75-09-2','3',20,20,3,500,1,'506',950,'com','0000-00-00 00:00:00','','',1,'1','2016-03-24 18:42:39','2016-03-24 18:42:39'),
(50,NULL,'Diether Ether',NULL,'60-29-7','3',1,1,3,500,1,'506',590,'Ar.','0000-00-00 00:00:00','','carlo',0,'1','2016-03-24 18:42:39','2016-03-24 18:42:39'),
(51,NULL,'Diethylene  glycol',NULL,'111-46-6','3',3,3,3,500,1,'506',1,'Ar.','0000-00-00 00:00:00','','carlo',1,'1','2016-03-24 18:42:39','2016-03-24 18:42:39'),
(52,NULL,'Dimethyl glyoxime (DMG)',NULL,'95-45-4','S',50,50,4,497,1,'506',1,'Ar.','0000-00-00 00:00:00','','carlo',0,'1','2016-03-24 18:42:39','2016-03-24 18:42:39'),
(53,NULL,'di-Potassium hydrogen orthopho',NULL,'4/11/7758','S',1,1,1,500,1,'506',1280,'Ar.','0000-00-00 00:00:00','','fisher',0,'1','2016-03-24 18:42:39','2016-03-24 18:42:39'),
(54,NULL,'di-sodium hydrogen phosphate(N',NULL,'7558-79-4','S',1,1,1,500,1,'506',960,'Ar.','0000-00-00 00:00:00','','carlo',0,'1','2016-03-24 18:42:39','2016-03-24 18:42:39'),
(55,NULL,'di-sodium hydrogen phosphate(N',NULL,'7558-79-4','S',1,1,1,500,1,'506',800,'lab','0000-00-00 00:00:00','','Lab',0,'1','2016-03-24 18:42:39','2016-03-24 18:42:39'),
(56,NULL,'D-Mannitol',NULL,'69-65-8','S',250,250,2,500,1,'506',480,'Ar.','0000-00-00 00:00:00','','fisher',0,'1','2016-03-24 18:42:39','2016-03-24 18:42:39'),
(57,NULL,'Dodecylbenzenesulfonic',NULL,'25155-30-0','S',500,500,4,500,1,'506',4250,'Ar.','0000-00-00 00:00:00','','Acros',0,'1','2016-03-24 18:42:39','2016-03-24 18:42:39'),
(58,NULL,'EDTAdisodium salt dihydrate',NULL,'60-00-4','S',500,500,4,500,1,'506',670,'lab','0000-00-00 00:00:00','','carlo',0,'1','2016-03-24 18:42:39','2016-03-24 18:42:39'),
(59,NULL,'Ethanol  ',NULL,'64-17-5','3',20,20,3,500,1,'506',793,'com','0000-00-00 00:00:00','','',0,'1','2016-03-24 18:42:39','2016-03-24 18:42:39'),
(60,NULL,'Ethyl Alcohol absolute',NULL,'64-17-5','3',3,3,3,501,1,'506',780,'Ar.','0000-00-00 00:00:00','','carlo',0,'1','2016-03-24 18:42:39','2016-03-24 18:42:39'),
(61,NULL,'Ethyl acetate ',NULL,'141-78-6','3',3,3,3,500,1,'506',750,'Ar.','0000-00-00 00:00:00','','carlo',0,'1','2016-03-24 18:42:39','2016-03-24 18:42:39'),
(62,NULL,'Ethyl acetate ',NULL,'141-78-6','S',13,13,1,500,1,'506',1400,'com','0000-00-00 00:00:00','','',0,'1','2016-03-24 18:42:39','2016-03-24 18:42:39'),
(63,NULL,'Ethylene  glycol',NULL,'107-21-1','3',3,3,3,500,1,'506',950,'Ar.','0000-00-00 00:00:00','','carlo',0,'1','2016-03-24 18:42:39','2016-03-24 18:42:39'),
(64,NULL,'Ethylene diamine dihydrochlori',NULL,'333-18-6','S',250,250,4,500,1,'506',1230,'Ar.','0000-00-00 00:00:00','','carlo',0,'1','2016-03-24 18:42:39','2016-03-24 18:42:39'),
(65,NULL,'Ferrous sulphate ( FeSO4 . 7 H',NULL,'7782-63-0','S',1,1,1,500,1,'506',770,'Ar.','0000-00-00 00:00:00','','carlo',0,'1','2016-03-24 18:42:39','2016-03-24 18:42:39'),
(66,NULL,'Ferrous(II) sulphate',NULL,'7782-63-0','S',1,1,1,500,1,'506',650,'Ar.','0000-00-00 00:00:00','','fisher',0,'1','2016-03-24 18:42:39','2016-03-24 18:42:39'),
(67,NULL,'Formaldehyde  40%',NULL,'50-00-0','3',3,3,3,500,1,'506',480,'Ar.','0000-00-00 00:00:00','','carlo',0,'1','2016-03-24 18:42:39','2016-03-24 18:42:39'),
(68,NULL,'Glutaric Acid  99% (Acros)',NULL,'110-94-1','S',100,100,4,500,1,'506',2,'Ar.','0000-00-00 00:00:00','','carlo',0,'1','2016-03-24 18:42:39','2016-03-24 18:42:39'),
(69,NULL,'Glycerol',NULL,'56-81-5','3',3,3,3,500,1,'506',1480,'Ar.','0000-00-00 00:00:00','','fisher',0,'1','2016-03-24 18:42:39','2016-03-24 18:42:39'),
(70,NULL,'Hexamethylene diamine (1,6 Hex',NULL,'124-09-4','S',100,100,4,500,1,'506',1200,'Ar.','0000-00-00 00:00:00','ป.พอลิเมอร์','carlo',0,'1','2016-03-24 18:42:39','2016-03-24 18:42:39'),
(71,NULL,'n-Heptane',NULL,'142-82-5','3',3,3,3,500,1,'506',2150,'Ar.','0000-00-00 00:00:00','','carlo',0,'1','2016-03-24 18:42:39','2016-03-24 18:42:39'),
(72,NULL,'Hexane',NULL,'110-54-3','3',20,20,3,500,1,'506',1400,'ปิ๊บ','0000-00-00 00:00:00','','',0,'1','2016-03-24 18:42:39','2016-03-24 18:42:39'),
(73,NULL,'n-Hexane',NULL,'110-54-3','3',3,3,3,500,1,'506',1700,'Ar.','0000-00-00 00:00:00','','',0,'1','2016-03-24 18:42:39','2016-03-24 18:42:39'),
(74,NULL,'Hydrochloric acid ( HCl )',NULL,'7647-01-0','3',3,3,3,500,1,'506',380,'Ar.','0000-00-00 00:00:00','','carlo',0,'1','2016-03-24 18:42:39','2016-03-24 18:42:39'),
(75,NULL,'Hydrofluoric',NULL,'7664-39-3','3',500,500,5,500,1,'506',700,'Ar.','0000-00-00 00:00:00','','carlo',0,'1','2016-03-24 18:42:39','2016-03-24 18:42:39'),
(76,NULL,'Hydrogen peroxide ',NULL,'7722-84-1','3',1,1,3,500,1,'506',700,'lab','0000-00-00 00:00:00','ตู้เย็น 506','carlo',0,'1','2016-03-24 18:42:39','2016-03-24 18:42:39'),
(77,NULL,'Hydroxylamine hydrochloride',NULL,'1/11/5470','S',500,500,4,500,1,'506',1700,'Ar.','0000-00-00 00:00:00','','carlo',0,'1','2016-03-24 18:42:39','2016-03-24 18:42:39'),
(78,NULL,'hydroxyquinolene-8',NULL,'148-24-3','S',100,100,4,500,1,'506',900,'Ar.','0000-00-00 00:00:00','','',0,'1','2016-03-24 18:42:39','2016-03-24 18:42:39'),
(79,NULL,'Iodine(I2)',NULL,'7553-56-2','S',500,500,4,500,1,'506',1,'Ar.','0000-00-00 00:00:00','','carlo',0,'1','2016-03-24 18:42:39','2016-03-24 18:42:39'),
(80,NULL,'Iron (II) sulfate',NULL,'7782-63-0','S',1,1,1,500,1,'506',750,'','0000-00-00 00:00:00','','fisher',0,'1','2016-03-24 18:42:39','2016-03-24 18:42:39'),
(81,NULL,'Iron (III) chloride anhydrous',NULL,'7705-08-0','S',500,500,4,500,1,'506',1,'','0000-00-00 00:00:00','','fisher',0,'1','2016-03-24 18:42:39','2016-03-24 18:42:39'),
(82,NULL,'Iron (III) nitrate',NULL,'10421-48-4','S',1,1,1,500,1,'506',1,'Ar.','0000-00-00 00:00:00','','carlo',0,'1','2016-03-24 18:42:39','2016-03-24 18:42:39'),
(83,NULL,'Iron(II) ammonium sulphate',NULL,'7783-85-9','S',1,1,1,500,1,'506',650,'Ar.','0000-00-00 00:00:00','','Loba',0,'1','2016-03-24 18:42:39','2016-03-24 18:42:39'),
(84,NULL,'Iron(II) chloride anh.',NULL,'7705-08-0','S',500,500,4,500,1,'506',740,'Ar.','0000-00-00 00:00:00','','fisher',0,'1','2016-03-24 18:42:39','2016-03-24 18:42:39'),
(85,NULL,'Iron(III) ammonium sulphate',NULL,'7783-85-9','S',1,1,1,500,1,'506',1050,'Ar.','0000-00-00 00:00:00','','carlo',0,'1','2016-03-24 18:42:39','2016-03-24 18:42:39'),
(86,NULL,'Itacoic acid',NULL,'97-65-4','S',1,1,1,500,1,'506',0,'R&D','0000-00-00 00:00:00','','Aldrich',0,'1','2016-03-24 18:42:39','2016-03-24 18:42:39'),
(87,NULL,'Iso propyl ether',NULL,'1569-01-3','3',1,1,3,500,1,'506',0,'Ar.','0000-00-00 00:00:00','','Fluka',0,'1','2016-03-24 18:42:39','2016-03-24 18:42:39'),
(88,NULL,'Iso propyl alcohol',NULL,'67-63-0','3',3,3,3,500,1,'506',420,'Ar.','0000-00-00 00:00:00','','carlo',0,'1','2016-03-24 18:42:39','2016-03-24 18:42:39'),
(89,NULL,'Lactic acid',NULL,'50-21-5','3',500,500,5,500,1,'506',500,'Ar.','0000-00-00 00:00:00','','',0,'1','2016-03-24 18:42:39','2016-03-24 18:42:39'),
(90,NULL,'L-ascorbic acid',NULL,'50-81-7','S',100,100,4,500,1,'506',780,'Ar.','0000-00-00 00:00:00','ย้ายไป ป.หลังใหม่','carlo',0,'1','2016-03-24 18:42:39','2016-03-24 18:42:39'),
(91,NULL,'Lead (II) nitrate',NULL,'10099-74-8','S',500,500,4,500,1,'506',700,'Ar.','0000-00-00 00:00:00','','Unilab',0,'1','2016-03-24 18:42:39','2016-03-24 18:42:39'),
(92,NULL,'Magnesium sulphate',NULL,'7487-88-9','S',1,1,1,500,1,'506',650,'Ar.','0000-00-00 00:00:00','','Loba',0,'1','2016-03-24 18:42:39','2016-03-24 18:42:39'),
(93,NULL,'Magnesium chloride',NULL,'7786-30-3','S',1,1,1,500,1,'506',680,'','0000-00-00 00:00:00','','Loba',0,'1','2016-03-24 18:42:39','2016-03-24 18:42:39'),
(94,NULL,'Manganese (II) sulphate',NULL,'7785-87-7','S',500,500,4,500,1,'506',460,'Ar.','0000-00-00 00:00:00','','Loba',0,'1','2016-03-24 18:42:39','2016-03-24 18:42:39'),
(95,NULL,'Mannithol-D',NULL,'69-65-8','S',500,500,4,500,1,'506',480,'Ar.','0000-00-00 00:00:00','','Rankem',0,'1','2016-03-24 18:42:39','2016-03-24 18:42:39'),
(96,NULL,'Mercury (II) Chloride',NULL,'CAS No.','S',250,250,4,500,1,'506',1,'Ar.','0000-00-00 00:00:00','','carlo',0,'1','2016-03-24 18:42:39','2016-03-24 18:42:39'),
(97,NULL,'Mercury(II) Sulfate',NULL,'7783-35-9','S',250,250,4,500,1,'506',1200,'Ar.','0000-00-00 00:00:00','','carlo',0,'1','2016-03-24 18:42:39','2016-03-24 18:42:39'),
(98,NULL,'Methylene  chloride ',NULL,'1665-00-5','3',20,20,3,500,1,'506',750,'ปิ๊บ','0000-00-00 00:00:00','','',0,'1','2016-03-24 18:42:39','2016-03-24 18:42:39'),
(99,NULL,'Methanol ',NULL,'67-56-1','3',3,3,3,500,1,'506',380,'Ar.','0000-00-00 00:00:00','','carlo',0,'1','2016-03-24 18:42:39','2016-03-24 18:42:39'),
(100,NULL,'Methanol ',NULL,'89-78-1','3',20,20,3,500,1,'506',850,'com','0000-00-00 00:00:00','','',0,'1','2016-03-24 18:42:39','2016-03-24 18:42:39'),
(101,NULL,'Methanol ',NULL,'89-78-1','3',3,3,3,500,1,'506',580,'HPLC','0000-00-00 00:00:00','','fisher',0,'1','2016-03-24 18:42:39','2016-03-24 18:42:39'),
(102,NULL,'Methyl  methacrylate',NULL,'8062-6','3',1,1,3,500,1,'506',3100,'Ar.','0000-00-00 00:00:00','ตู้เย็น 506','Acros',0,'1','2016-03-24 18:42:39','2016-03-24 18:42:39'),
(103,NULL,'Metyl red',NULL,'493-52-7','S',25,25,4,500,1,'506',540,'','0000-00-00 00:00:00','','fisher',0,'1','2016-03-24 18:42:39','2016-03-24 18:42:39'),
(104,NULL,'N-(1-Neptyl)-Ethylenediaminedi',NULL,'1465-25-4','S',10,10,4,500,1,'506',4,'','0000-00-00 00:00:00','','',0,'1','2016-03-24 18:42:39','2016-03-24 18:42:39'),
(105,NULL,'Naphthalene',NULL,'91-20-3','S',1,1,1,500,1,'506',2,'Ar.','0000-00-00 00:00:00','','carlo',0,'1','2016-03-24 18:42:39','2016-03-24 18:42:39'),
(106,NULL,'n-Heptane',NULL,'142-82-5','3',3,3,3,500,1,'506',2150,'Ar.','0000-00-00 00:00:00','','carlo',0,'1','2016-03-24 18:42:39','2016-03-24 18:42:39'),
(107,NULL,'n-Hexane',NULL,'142-82-5','3',3,3,3,500,1,'506',1700,'Ar.','0000-00-00 00:00:00','','carlo',0,'1','2016-03-24 18:42:39','2016-03-24 18:42:39'),
(108,NULL,'Nickel (II) Chloride',NULL,'7718-54-9','S',1,1,1,500,1,'506',1,'Ar.','0000-00-00 00:00:00','','carlo',0,'1','2016-03-24 18:42:39','2016-03-24 18:42:39'),
(109,NULL,'Nickel (II) sulphate',NULL,'7786-81-4','S',1,1,1,500,1,'506',1500,'Ar.','0000-00-00 00:00:00','','carlo',0,'1','2016-03-24 18:42:39','2016-03-24 18:42:39'),
(110,NULL,'Nitric acid',NULL,'7697-37-2','3',3,3,3,500,1,'506',530,'Ar.','0000-00-00 00:00:00','','carlo',0,'1','2016-03-24 18:42:39','2016-03-24 18:42:39'),
(111,NULL,'n-Pentane 99%',NULL,'109-66-0','3',3,3,3,500,1,'506',2,'HPLC','0000-00-00 00:00:00','','carlo',0,'1','2016-03-24 18:42:39','2016-03-24 18:42:39'),
(112,NULL,'Orthophosphoric acid 85%',NULL,'7664-38-2','3',3,3,3,500,1,'506',880,'','0000-00-00 00:00:00','','carlo',0,'1','2016-03-24 18:42:39','2016-03-24 18:42:39'),
(113,NULL,'Oxalic acid',NULL,'144-62-7','S',1,1,4,500,1,'506',800,'Ar.','0000-00-00 00:00:00','','carlo',0,'1','2016-03-24 18:42:39','2016-03-24 18:42:39'),
(114,NULL,'Paraffin oil',NULL,'8012-95-1','3',3,3,3,500,1,'506',950,'lab','0000-00-00 00:00:00','','',0,'1','2016-03-24 18:42:39','2016-03-24 18:42:39'),
(115,NULL,'Patassium Permanganate',NULL,'7722-64-7','S',1,1,1,500,1,'506',1200,'Ar.','0000-00-00 00:00:00','','Ajax',0,'1','2016-03-24 18:42:39','2016-03-24 18:42:39'),
(116,NULL,'Pentanols',NULL,'71-41-0','3',3,3,3,500,1,'506',3600,'Ar.','0000-00-00 00:00:00','','fisher',0,'1','2016-03-24 18:42:39','2016-03-24 18:42:39'),
(117,NULL,'Perchloride acid 70 %',NULL,'7601-90-3','3',3,3,3,500,1,'506',3900,'Ar.','0000-00-00 00:00:00','','carlo',0,'1','2016-03-24 18:42:39','2016-03-24 18:42:39'),
(118,NULL,'Petroleum ether 40-60 C',NULL,'8032-32-4','3',3,3,3,500,1,'506',700,'Ar.','0000-00-00 00:00:00','','carlo',0,'1','2016-03-24 18:42:39','2016-03-24 18:42:39'),
(119,NULL,'Phenanthroline 1-10',NULL,'66-71-7','S',5,5,4,500,1,'506',520,'Ar.','0000-00-00 00:00:00','','carlo',0,'1','2016-03-24 18:42:39','2016-03-24 18:42:39'),
(120,NULL,'Phenol ',NULL,'108-95-2','S',500,500,4,500,1,'506',1420,'Ar.','0000-00-00 00:00:00','','carlo',0,'1','2016-03-24 18:42:39','2016-03-24 18:42:39'),
(121,NULL,'Phenolpthalein',NULL,'77-09-8','S',100,100,4,500,1,'506',500,'','0000-00-00 00:00:00','','Merk',0,'1','2016-03-24 18:42:39','2016-03-24 18:42:39'),
(122,NULL,'Phenyl Bromide ',NULL,'108-86-1','3',100,100,5,500,1,'506',1,'Ar.','0000-00-00 00:00:00','','',0,'1','2016-03-24 18:42:39','2016-03-24 18:42:39'),
(123,NULL,'Phenylhydrazine hydrochlorride',NULL,'59-88-1','S',100,100,4,500,1,'506',5,'Ar.','0000-00-00 00:00:00','','carlo',0,'1','2016-03-24 18:42:39','2016-03-24 18:42:39'),
(124,NULL,'Phosphoric acid',NULL,'7664-38-2','3',3,3,3,500,1,'506',880,'Ar.','0000-00-00 00:00:00','','carlo',0,'1','2016-03-24 18:42:39','2016-03-24 18:42:39'),
(125,NULL,'Poly vinyl alcohol',NULL,'9002-89-5','S',500,500,4,500,1,'506',850,'Ar.','0000-00-00 00:00:00','ป.พอลิเมอร์','',0,'1','2016-03-24 18:42:39','2016-03-24 18:42:39'),
(126,NULL,'Potassium acetate',NULL,'127-08-2','S',500,500,4,500,1,'506',570,'Ar.','0000-00-00 00:00:00','','Unilab',0,'1','2016-03-24 18:42:39','2016-03-24 18:42:39'),
(127,NULL,'Potassium carbonate',NULL,'584-08-7','S',1,1,1,500,1,'506',355,'Ar.','0000-00-00 00:00:00','','',0,'1','2016-03-24 18:42:39','2016-03-24 18:42:39'),
(128,NULL,'Potassium chloride',NULL,'7447-40-7','S',1,1,4,500,1,'506',370,'Ar.','0000-00-00 00:00:00','','Ajax',0,'1','2016-03-24 18:42:39','2016-03-24 18:42:39'),
(129,NULL,'Potassium dichromate ',NULL,'7778-50-9','S',1,1,4,500,1,'506',1,'Ar.','0000-00-00 00:00:00','','carlo',0,'1','2016-03-24 18:42:39','2016-03-24 18:42:39'),
(130,NULL,'Potassium dihydrogen phosphate',NULL,'7778-77-0','S',1,1,1,500,1,'506',770,'Ar.','0000-00-00 00:00:00','','carlo',0,'1','2016-03-24 18:42:39','2016-03-24 18:42:39'),
(131,NULL,'Potassium hydrogen phthalate (',NULL,'877-24-7','S',250,250,4,500,1,'506',970,'Ar.','0000-00-00 00:00:00','','carlo',0,'1','2016-03-24 18:42:39','2016-03-24 18:42:39'),
(132,NULL,'Potassium hydroxide',NULL,'1310-58-3','S',1,1,4,500,1,'506',380,'Ar.','0000-00-00 00:00:00','','carlo',0,'1','2016-03-24 18:42:39','2016-03-24 18:42:39'),
(133,NULL,'Potassium iodate( KIO3 )',NULL,'6/5/7758','S',100,100,4,500,1,'506',1,'Ar.','0000-00-00 00:00:00','','carlo',0,'1','2016-03-24 18:42:39','2016-03-24 18:42:39'),
(134,NULL,'Potassium iodide',NULL,'7681-11-0','S',1,1,1,500,1,'506',1,'Ar.','0000-00-00 00:00:00','','carlo',0,'1','2016-03-24 18:42:39','2016-03-24 18:42:39'),
(135,NULL,'Potassium nitrate',NULL,'7757-79-1','S',1,1,4,500,1,'506',750,'Ar.','0000-00-00 00:00:00','','carlo',0,'1','2016-03-24 18:42:39','2016-03-24 18:42:39'),
(136,NULL,'Potassium permanganate',NULL,'7722-64-7','S',1,1,1,501,1,'506',1200,'Lab','0000-00-00 00:00:00','','carlo',0,'1','2016-03-24 18:42:39','2016-03-24 18:42:39'),
(137,NULL,'Potassium persulphate (K2S2O8)',NULL,'7727-21-1','S',1,1,1,500,1,'506',950,'Ar.','0000-00-00 00:00:00','','carlo',0,'1','2016-03-24 18:42:39','2016-03-24 18:42:39'),
(138,NULL,'Potassium Sodium Tartrate ',NULL,'304-59-6','S',1,1,1,500,1,'506',900,'Ar.','0000-00-00 00:00:00','','carlo',0,'1','2016-03-24 18:42:39','2016-03-24 18:42:39'),
(139,NULL,'Potassium sulphate',NULL,'7778-80-5','S',1,1,4,500,1,'506',550,'Ar.','0000-00-00 00:00:00','','',0,'1','2016-03-24 18:42:39','2016-03-24 18:42:39'),
(140,NULL,'Pyridine',NULL,'110-86-1','3',1,1,3,500,1,'506',1,'Ar.','0000-00-00 00:00:00','','carlo',0,'1','2016-03-24 18:42:39','2016-03-24 18:42:39'),
(141,NULL,'propylene Grycol',NULL,'57-55-6','3',3,3,3,500,1,'506',0,'Ar.','0000-00-00 00:00:00','','carlo',0,'1','2016-03-24 18:42:39','2016-03-24 18:42:39'),
(142,NULL,'Potassium thiocyanate',NULL,'333-20-0','S',1,1,1,500,1,'506',1350,'Ar.','0000-00-00 00:00:00','','',0,'1','2016-03-24 18:42:39','2016-03-24 18:42:39'),
(143,NULL,'Propan-2-ol',NULL,'67-63-0','3',3,3,3,500,1,'506',680,'Ar.','0000-00-00 00:00:00','','',0,'1','2016-03-24 18:42:39','2016-03-24 18:42:39'),
(144,NULL,'p-Toluenesulfonic acid',NULL,'104-15-4','S',500,500,4,500,1,'506',1,'Ar.','0000-00-00 00:00:00','','carlo',0,'1','2016-03-24 18:42:39','2016-03-24 18:42:39'),
(145,NULL,'Resocinol(1,3-dihydroxybenzene',NULL,'108-46-3','S',250,250,4,500,1,'506',1,'Ar.','0000-00-00 00:00:00','ป.พอลิเมอร์','carlo',0,'1','2016-03-24 18:42:39','2016-03-24 18:42:39'),
(146,NULL,'Sebacoyl  chloride',NULL,'111-19-3','3',100,100,5,500,1,'506',7,'Ar.','0000-00-00 00:00:00','ป.พอลิเมอร์','',0,'1','2016-03-24 18:42:39','2016-03-24 18:42:39'),
(147,NULL,'Silica gel  blue',NULL,'112926-00-8','S',1,1,1,500,1,'506',160,'','0000-00-00 00:00:00','','',0,'1','2016-03-24 18:42:39','2016-03-24 18:42:39'),
(148,NULL,'Silica gel RS-chrom  No C45333',NULL,'112926-00-8','S',1,1,1,500,1,'506',2,'Ar.','0000-00-00 00:00:00','','merck',0,'1','2016-03-24 18:42:39','2016-03-24 18:42:39'),
(149,NULL,'Silver nitrate',NULL,'7761-88-8','S',100,100,4,501,1,'506',6500,'Ar.','0000-00-00 00:00:00','','',0,'1','2016-03-24 18:42:39','2016-03-24 18:42:39'),
(150,NULL,'Silver sulphate',NULL,'10294-26-5','S',100,100,4,501,1,'506',6500,'Ar.','0000-00-00 00:00:00','','carlo',0,'1','2016-03-24 18:42:39','2016-03-24 18:42:39'),
(151,NULL,'Sodiuim hexametaphosphate',NULL,'10124-56-8','S',1,1,1,500,1,'506',670,'Ar.','0000-00-00 00:00:00','','',0,'1','2016-03-24 18:42:39','2016-03-24 18:42:39'),
(152,NULL,'Sodium acetate trihydrate',NULL,'6131-90-4','S',1,1,1,500,1,'506',550,'Ar.','0000-00-00 00:00:00','','',0,'1','2016-03-24 18:42:39','2016-03-24 18:42:39'),
(153,NULL,'Sodium acetate anh.',NULL,'6131-90-4','S',1,1,1,500,1,'506',1200,'Ar.','0000-00-00 00:00:00','','carlo',0,'1','2016-03-24 18:42:39','2016-03-24 18:42:39'),
(154,NULL,'Sodium bicarbonate',NULL,'144-55-8','S',1,1,1,500,1,'506',270,'Ar.','0000-00-00 00:00:00','','',0,'1','2016-03-24 18:42:39','2016-03-24 18:42:39'),
(155,NULL,'Sodium bicarbonate ',NULL,'144-55-8','S',1,1,1,500,1,'506',350,'lab','0000-00-00 00:00:00','','',0,'1','2016-03-24 18:42:39','2016-03-24 18:42:39'),
(156,NULL,'Sodium bisulfite soln. 38-40%',NULL,'7631-90-5','3',1,1,3,500,1,'506',1,'Ar.','0000-00-00 00:00:00','','',0,'1','2016-03-24 18:42:39','2016-03-24 18:42:39'),
(157,NULL,'Sodium carbonate ',NULL,'497-19-8','S',1,1,4,500,1,'506',630,'Ar.','0000-00-00 00:00:00','','',0,'1','2016-03-24 18:42:39','2016-03-24 18:42:39'),
(158,NULL,'Sodium chloride',NULL,'7647-14-5','S',1,1,4,500,1,'506',190,'Ar.','0000-00-00 00:00:00','ป.สิ่งแวดล้อม','',0,'1','2016-03-24 18:42:39','2016-03-24 18:42:39'),
(159,NULL,'Tri- Sodium citrate',NULL,'3/4/6132','S',1,1,1,500,1,'506',480,'Ar.','0000-00-00 00:00:00','','carlo',0,'1','2016-03-24 18:42:39','2016-03-24 18:42:39'),
(160,NULL,'sodium diethyl dithiocarbomate',NULL,'148-18-5','S',250,250,4,500,1,'506',1,'Ar.','0000-00-00 00:00:00','','',0,'1','2016-03-24 18:42:39','2016-03-24 18:42:39'),
(161,NULL,'Sodium dodecyl sulfate(Sodium ',NULL,'151-21-3','S',500,500,4,500,1,'506',700,'Ar.','0000-00-00 00:00:00','','Loba',0,'1','2016-03-24 18:42:39','2016-03-24 18:42:39'),
(162,NULL,'Sodium dodecylbenzenesulfonate',NULL,'25155-30-0','S',250,250,4,500,1,'506',1,'Ar.','0000-00-00 00:00:00','','',0,'1','2016-03-24 18:42:39','2016-03-24 18:42:39'),
(163,NULL,'Sodium fluoride',NULL,'7681-49-4','S',500,500,4,500,1,'506',1060,'Ar.','0000-00-00 00:00:00','','',0,'1','2016-03-24 18:42:39','2016-03-24 18:42:39'),
(164,NULL,'Sodium hexameta phosphate',NULL,'10124-56-8','S',1,1,1,500,1,'506',670,'Ar.','0000-00-00 00:00:00','','',0,'1','2016-03-24 18:42:39','2016-03-24 18:42:39'),
(165,NULL,'Sodium hydrogen carbonate',NULL,'144-55-8','S',1,1,4,500,1,'506',400,'Ar.','0000-00-00 00:00:00','','',0,'1','2016-03-24 18:42:39','2016-03-24 18:42:39'),
(166,NULL,'Sodium hydrogen sulphite,extra',NULL,'7631-90-5','S',500,500,4,500,1,'506',550,'AA','0000-00-00 00:00:00','','',0,'1','2016-03-24 18:42:39','2016-03-24 18:42:39'),
(167,NULL,'Sodium hydroxide ',NULL,'1310-73-2','S',1,1,4,500,1,'506',290,'Ar.','0000-00-00 00:00:00','','',0,'1','2016-03-24 18:42:39','2016-03-24 18:42:39'),
(168,NULL,'Sodium hydroxide ',NULL,'1310-73-2','S',25,25,1,500,1,'506',900,'com','0000-00-00 00:00:00','','',0,'1','2016-03-24 18:42:39','2016-03-24 18:42:39'),
(169,NULL,'Sodium lauryl sulphate',NULL,'151-21-3','S',500,500,4,500,1,'506',700,'Ar.','0000-00-00 00:00:00','ป.พอลิเมอร์','',0,'1','2016-03-24 18:42:39','2016-03-24 18:42:39'),
(170,NULL,'Sodium Metabisulphite',NULL,'7681-57-4','S',1,1,1,500,1,'506',660,'Ar.','0000-00-00 00:00:00','','',0,'1','2016-03-24 18:42:39','2016-03-24 18:42:39'),
(171,NULL,'Sodium nitrate , NaNO3',NULL,'7631-99-4','S',1,1,1,500,1,'506',820,'Ar.','0000-00-00 00:00:00','','',0,'1','2016-03-24 18:42:39','2016-03-24 18:42:39'),
(172,NULL,'Sodium nitrite , NaNO2',NULL,'7632-00-0','S',1,1,1,500,1,'506',320,'Ar.','0000-00-00 00:00:00','','Loba',0,'1','2016-03-24 18:42:39','2016-03-24 18:42:39'),
(173,NULL,'Sodium phosphate',NULL,'7601-54-9','S',1,1,1,500,1,'506',700,'Ar.','0000-00-00 00:00:00','','',0,'1','2016-03-24 18:42:39','2016-03-24 18:42:39'),
(174,NULL,'Sodium potassium tartrate',NULL,'304-59-6','S',1,1,1,500,1,'506',900,'Ar.','0000-00-00 00:00:00','','',0,'1','2016-03-24 18:42:39','2016-03-24 18:42:39'),
(175,NULL,'Sodium sulfate anh.',NULL,'7757-82-6','S',1,1,1,500,1,'506',330,'Lab','0000-00-00 00:00:00','','',0,'1','2016-03-24 18:42:39','2016-03-24 18:42:39'),
(176,NULL,'Sodium tetraborate decahydrate',NULL,'1303-96-4','S',1,1,1,500,1,'506',770,'Lab','0000-00-00 00:00:00','','',0,'1','2016-03-24 18:42:39','2016-03-24 18:42:39'),
(177,NULL,'Sodium thiosulfate.5 H2O',NULL,'10102-17-7','S',1,1,1,500,1,'506',550,'Ar.','0000-00-00 00:00:00','','',0,'1','2016-03-24 18:42:39','2016-03-24 18:42:39'),
(178,NULL,'Stannic chloride ( SnCl4 )',NULL,'7646-78-8','3',100,100,5,500,1,'506',840,'Ar.','0000-00-00 00:00:00','ป.พอลิเมอร์','',0,'1','2016-03-24 18:42:39','2016-03-24 18:42:39'),
(179,NULL,'Starch soluble',NULL,'9005-84-9','S',500,500,4,500,1,'506',2030,'Lab','0000-00-00 00:00:00','','',0,'1','2016-03-24 18:42:39','2016-03-24 18:42:39'),
(180,NULL,'Styrene monomer (Aceas)',NULL,'100-42-5','3',1,1,3,500,1,'506',1,'Ar.','0000-00-00 00:00:00','ตู้เย็น506','',0,'1','2016-03-24 18:42:39','2016-03-24 18:42:39'),
(181,NULL,'Sulfuric acid 98 %',NULL,'7664-93-9','3',3,3,3,500,1,'506',420,'Ar.','0000-00-00 00:00:00','','',0,'1','2016-03-24 18:42:39','2016-03-24 18:42:39'),
(182,NULL,'Sulphamic acid',NULL,'5329-14-6','S',500,500,4,500,1,'506',500,'Ar.','0000-00-00 00:00:00','','',0,'1','2016-03-24 18:42:39','2016-03-24 18:42:39'),
(183,NULL,'Tannic acid',NULL,'1401-55-4','S',100,100,4,500,1,'506',970,'Ar.','0000-00-00 00:00:00','','',0,'1','2016-03-24 18:42:39','2016-03-24 18:42:39'),
(184,NULL,'Terephtharoyl chloride',NULL,'100-20-9','S',1000,1000,4,500,1,'506',3900,'Ar.','0000-00-00 00:00:00','','',1,'1','2016-03-24 18:42:39','2016-03-24 18:42:39'),
(185,NULL,'Tetrahydrofuran',NULL,'109-99-9','3',3,3,3,500,1,'506',950,'Ar.','0000-00-00 00:00:00','','',0,'1','2016-03-24 18:42:39','2016-03-24 18:42:39'),
(186,NULL,'Tetrahydrofuran',NULL,'109-99-9','3',3,3,3,500,1,'506',1,'HPLC','0000-00-00 00:00:00','','',0,'1','2016-03-24 18:42:39','2016-03-24 18:42:39'),
(187,NULL,'Thymol blue',NULL,'76-61-9','S',5,5,4,500,1,'506',480,'Ar.','0000-00-00 00:00:00','','',0,'1','2016-03-24 18:42:39','2016-03-24 18:42:39'),
(188,NULL,'Toluene ',NULL,'108-88-3','3',3,3,3,500,1,'506',1,'HPLC','0000-00-00 00:00:00','','Carlo ERBA',0,'1','2016-03-24 18:42:39','2016-03-24 18:42:39'),
(189,NULL,'Toluene ',NULL,'108-88-3','3',3,3,3,500,1,'506',400,'Ar.','0000-00-00 00:00:00','','carlo',0,'1','2016-03-24 18:42:39','2016-03-24 18:42:39'),
(190,NULL,'Toluene ',NULL,'108-88-3','3',20,20,3,500,1,'506',1,'com','0000-00-00 00:00:00','','',0,'1','2016-03-24 18:42:39','2016-03-24 18:42:39'),
(191,NULL,'Tri-Ammonium Citrate ',NULL,'3458-72-8','S',500,500,4,500,1,'506',1950,'Ar.','0000-00-00 00:00:00','','fisher',0,'1','2016-03-24 18:42:39','2016-03-24 18:42:39'),
(192,NULL,'Trichoroacetic acid',NULL,'76-03-9','S',250,250,4,500.008,1,'506',680,'Ar.','0000-00-00 00:00:00','','carlo',4,'1','2016-03-24 18:42:39','2016-03-24 18:42:39'),
(193,NULL,'Triethanolamine',NULL,'102-71-6','3',250,250,5,500,1,'506',800,'Ar.','0000-00-00 00:00:00','','carlo',0,'1','2016-03-24 18:42:39','2016-03-24 18:42:39'),
(194,NULL,'Tri-sodium citrate dihydrate',NULL,'3/4/6132','S',1,1,1,500,1,'506',480,'Ar.','0000-00-00 00:00:00','','Rankem',0,'1','2016-03-24 18:42:39','2016-03-24 18:42:39'),
(195,NULL,'Xylene',NULL,'1330-20-7','3',3,3,3,500,1,'506',460,'Ar.','0000-00-00 00:00:00','','Carlo ERBA',0,'1','2016-03-24 18:42:39','2016-03-24 18:42:39'),
(196,NULL,'Xylene',NULL,'1330-20-7','3',20,20,3,500,1,'506',1,'com','0000-00-00 00:00:00','','',0,'1','2016-03-24 18:42:39','2016-03-24 18:42:39'),
(197,NULL,'Zinc chloride anh.',NULL,'7646-85-7','S',1,1,1,500,1,'506',1,'Ar.','0000-00-00 00:00:00','','',0,'1','2016-03-24 18:42:39','2016-03-24 18:42:39'),
(198,NULL,'Zinc Oxide ',NULL,'1314-13-2','S',500,500,4,500,1,'506',750,'Ar.','0000-00-00 00:00:00','','',0,'1','2016-03-24 18:42:39','2016-03-24 18:42:39'),
(199,NULL,'Barium diphenylamine sulfonate',NULL,'6211-24-1','S',5,5,4,500,1,'512',4,'Ar.','0000-00-00 00:00:00','','carlo',0,'1','2016-03-24 18:42:39','2016-03-24 18:42:39'),
(200,NULL,'O-phenantholine monohydrate',NULL,'5144-89-8','S',5,5,4,500,3,'508',520,'Ar.','0000-00-00 00:00:00','ป.หลังใหม่','',0,'1','2016-03-24 18:42:39','2016-03-24 18:42:39'),
(201,NULL,'Silversulphate',NULL,'10294-26-5 ','S',100,100,4,500,1,'512',6500,'Ar.','0000-00-00 00:00:00','','POCH',0,'1','2016-03-24 18:42:39','2016-03-24 18:42:39'),
(202,NULL,'Silver nitrate',NULL,'7761-88-8','S',100,100,4,500,1,'512',6,'Ar.','0000-00-00 00:00:00','','carlo',0,'1','2016-03-24 18:42:39','2016-03-24 18:42:39'),
(203,NULL,'Potassium fluoride',NULL,'7789-23-3','S',250,250,4,500,1,'512',650,'Ar.','0000-00-00 00:00:00','ป.สิ่งแวดล้อม','carlo',0,'1','2016-03-24 18:42:39','2016-03-24 18:42:39'),
(204,NULL,'Antimony potassium tartrate',NULL,'11071-15-1 ','S',250,250,4,500,1,'512',1,'Ar.','0000-00-00 00:00:00','','Ajax',0,'1','2016-03-24 18:42:39','2016-03-24 18:42:39'),
(205,NULL,'Sodium cyanide',NULL,'143-33-9','S',250,250,4,500,1,'512',970,'Ar.','0000-00-00 00:00:00','','Panreac',0,'1','2016-03-24 18:42:39','2016-03-24 18:42:39'),
(206,NULL,'Dodecylbenzenesulfonic acid',NULL,'27176-87-0','S',250,250,4,500,1,'512',2125,'Ar.','0000-00-00 00:00:00','','carlo',0,'1','2016-03-24 18:42:39','2016-03-24 18:42:39'),
(207,NULL,'N-(1-Napthy)ethylenediamine di',NULL,'1465-25-4','S',25,25,4,500,3,'508',4,'Ar.','0000-00-00 00:00:00','ป.หลังใหม่ ','Loba',0,'1','2016-03-24 18:42:39','2016-03-24 18:42:39'),
(208,NULL,'Sym-diphenyl thiocabozone',NULL,'','S',5,5,4,500,1,'512',3,'Ar.','0000-00-00 00:00:00','','Acros',0,'1','2016-03-24 18:42:39','2016-03-24 18:42:39'),
(209,NULL,'2,4,6-Trichlorophenol',NULL,'88-06-2','S',50,50,4,500,1,'512',1,'Ar.','0000-00-00 00:00:00','','Fluka',0,'1','2016-03-24 18:42:39','2016-03-24 18:42:39'),
(210,NULL,'Tween 20',NULL,'9005-64-5','S',250,250,4,500,1,'512',780,'Ar.','0000-00-00 00:00:00','','Fluka',0,'1','2016-03-24 18:42:39','2016-03-24 18:42:39'),
(211,NULL,'Sodium sulphate',NULL,'7757-82-6','S',1,1,4,500,1,'512',430,'Ar.','0000-00-00 00:00:00','','carlo',0,'1','2016-03-24 18:42:39','2016-03-24 18:42:39'),
(212,NULL,'di-sodium hydrogen orthophosph',NULL,'7558-79-4 ','S',100,100,4,500,1,'512',960,'Ar.','0000-00-00 00:00:00','','carlo',0,'1','2016-03-24 18:42:39','2016-03-24 18:42:39'),
(213,NULL,'Ammonium chloride ',NULL,'12125-02-9','S',1,1,4,500,1,'512',320,'Ar.','0000-00-00 00:00:00','','fisher',0,'1','2016-03-24 18:42:39','2016-03-24 18:42:39'),
(214,NULL,'Manganese sulphate',NULL,'7785-87-7','S',1,1,4,500,1,'512',460,'Ar.','0000-00-00 00:00:00','','fisher',0,'1','2016-03-24 18:42:39','2016-03-24 18:42:39'),
(215,NULL,'Iron sulphate',NULL,'17375-41-6','S',1,1,4,500,1,'512',750,'Ar.','0000-00-00 00:00:00','','fisher',0,'1','2016-03-24 18:42:39','2016-03-24 18:42:39'),
(216,NULL,'Sulphanilic acid',NULL,'121-57-3','S',100,100,4,500,1,'512',800,'Ar.','0000-00-00 00:00:00','','carlo',0,'1','2016-03-24 18:42:39','2016-03-24 18:42:39'),
(217,NULL,'Sodium sulfite',NULL,'7757-83-7','S',1,1,4,500,1,'512',550,'Ar.','0000-00-00 00:00:00','','carlo',0,'1','2016-03-24 18:42:39','2016-03-24 18:42:39'),
(218,NULL,'Sodium acetate',NULL,'6131-90-4','S',1,1,4,500,1,'512',1200,'Ar.','0000-00-00 00:00:00','','Rankem',0,'1','2016-03-24 18:42:39','2016-03-24 18:42:39'),
(219,NULL,'di-ammonium perodisulphate',NULL,'7727-54-0','S',1,1,4,500,1,'512',920,'Ar.','0000-00-00 00:00:00','','carlo',0,'1','2016-03-24 18:42:39','2016-03-24 18:42:39'),
(220,NULL,'Potassium dihydrogen  orthopho',NULL,'7778-77-0','S',1000,1000,4,500,1,'512',890,'Ar.','0000-00-00 00:00:00','','Fisher',0,'1','2016-03-24 18:42:39','2016-03-24 18:42:39'),
(221,NULL,'Barium chloride',NULL,'10361-37-2 ','S',1000,1000,4,500,1,'512',910,'Ar.','0000-00-00 00:00:00','','carlo',0,'1','2016-03-24 18:42:39','2016-03-24 18:42:39'),
(222,NULL,'n-Amyl alcohol',NULL,'71-41-0','3',1,1,5,500,1,'512',1,'Ar.','0000-00-00 00:00:00','','carlo',0,'1','2016-03-24 18:42:39','2016-03-24 18:42:39'),
(223,NULL,'di ethylenetriamine penta acit',NULL,'67-43-6','S',250,250,4,500,1,'512',3,'Ar.','0000-00-00 00:00:00','','Merk',0,'1','2016-03-24 18:42:39','2016-03-24 18:42:39'),
(224,NULL,'Iodine',NULL,'7553-56-2','S',500,500,4,500,1,'512',1,'Ar.','0000-00-00 00:00:00','','Fisher',0,'1','2016-03-24 18:42:39','2016-03-24 18:42:39'),
(225,NULL,'Hyamine',NULL,'121-54-0','S',100,100,4,500,1,'512',1950,'Ar.','0000-00-00 00:00:00','','Loba',0,'1','2016-03-24 18:42:39','2016-03-24 18:42:39'),
(226,NULL,'Calcium carbonate',NULL,'471-34-1','S',500,500,4,500,1,'512',480,'Ar.','0000-00-00 00:00:00','','Ajax',0,'1','2016-03-24 18:42:39','2016-03-24 18:42:39'),
(227,NULL,'Nicotinic acid',NULL,'59-67-6','S',100,100,4,500,1,'512',450,'Ar.','0000-00-00 00:00:00','','Loba',0,'1','2016-03-24 18:42:39','2016-03-24 18:42:39'),
(228,NULL,'Thymolphthalenin',NULL,'125-20-2','S',5,5,4,500,1,'512',650,'Ar.','0000-00-00 00:00:00','','Loba',0,'1','2016-03-24 18:42:39','2016-03-24 18:42:39'),
(229,NULL,'EDTA magnesium salt',NULL,'14402-88-1','S',100,100,4,500,1,'512',670,'Ar.','0000-00-00 00:00:00','','Fluka',0,'1','2016-03-24 18:42:39','2016-03-24 18:42:39'),
(230,NULL,'Ammonium molybdate',NULL,'12027-67-7','S',500,500,4,500,1,'512',1,'Ar.','0000-00-00 00:00:00','','carlo',0,'1','2016-03-24 18:42:39','2016-03-24 18:42:39'),
(231,NULL,'Isobutanal',NULL,'78-84-2','3',1,1,3,500,1,'512',840,'Ar.','0000-00-00 00:00:00','','carlo',0,'1','2016-03-24 18:42:39','2016-03-24 18:42:39'),
(232,NULL,'Barium chloride',NULL,'10326-27-9','S',1,1,4,500,1,'512',910,'Ar.','0000-00-00 00:00:00','','carlo',0,'1','2016-03-24 18:42:39','2016-03-24 18:42:39'),
(233,NULL,'Potassium nitrate',NULL,'7757-79-1','S',1,1,4,500,1,'512',750,'Ar.','0000-00-00 00:00:00','','carlo',0,'1','2016-03-24 18:42:39','2016-03-24 18:42:39'),
(234,NULL,'Calcium sulphate ',NULL,'7778-18-9','S',1,1,4,500,1,'512',850,'Ar.','0000-00-00 00:00:00','','carlo',0,'1','2016-03-24 18:42:39','2016-03-24 18:42:39'),
(235,NULL,'Potassium dichromate',NULL,'7778-50-9','S',1,1,4,500,1,'512',1,'Ar.','0000-00-00 00:00:00','','carlo',0,'1','2016-03-24 18:42:39','2016-03-24 18:42:39'),
(236,NULL,'Calcium chloride dihydrate',NULL,'10035-04-8','S',1,1,4,500,1,'512',630,'Ar.','0000-00-00 00:00:00','','carlo',0,'1','2016-03-24 18:42:39','2016-03-24 18:42:39'),
(237,NULL,'Zinc sulphate',NULL,'7733-02-0','S',1,1,4,500,1,'512',780,'Ar.','0000-00-00 00:00:00','','carlo',0,'1','2016-03-24 18:42:39','2016-03-24 18:42:39'),
(238,NULL,'Ammonium oxalate monohydrate',NULL,'6009-70-7','S',1,1,4,500,1,'512',1,'Ar.','0000-00-00 00:00:00','','carlo',0,'1','2016-03-24 18:42:39','2016-03-24 18:42:39'),
(239,NULL,'Barium hydroxide',NULL,'17194-00-2','S',1,1,4,500,1,'512',840,'Ar.','0000-00-00 00:00:00','','carlo',0,'1','2016-03-24 18:42:39','2016-03-24 18:42:39'),
(240,NULL,'n-Amyl alcohol',NULL,'71-41-0','3',1000,1000,5,500,1,'512',1440,'Ar.','0000-00-00 00:00:00','','carlo',0,'1','2016-03-24 18:42:39','2016-03-24 18:42:39'),
(241,NULL,'Acetylacetone',NULL,'123-54-6','3',500,500,5,500,1,'512',3,'Ar.','0000-00-00 00:00:00','','carlo',0,'1','2016-03-24 18:42:39','2016-03-24 18:42:39'),
(242,NULL,'Sodium arsenite',NULL,'7784-46-5 ','S',100,100,4,500,1,'512',970,'Ar.','0000-00-00 00:00:00','','Unilab',0,'1','2016-03-24 18:42:39','2016-03-24 18:42:39'),
(243,NULL,'Potassium cyanide',NULL,'151-50-8','S',250,250,4,500,1,'512',850,'Ar.','0000-00-00 00:00:00','','carlo',0,'1','2016-03-24 18:42:39','2016-03-24 18:42:39'),
(244,NULL,'di-sodium hydrogen phosphate d',NULL,'10028-24-7','S',250,250,4,500,1,'512',960,'Ar.','0000-00-00 00:00:00','','carlo',0,'1','2016-03-24 18:42:39','2016-03-24 18:42:39'),
(245,NULL,'p-nitrophenol',NULL,'100-02-7 ','S',100,100,4,500,1,'512',1,'Ar.','0000-00-00 00:00:00','','carlo',0,'1','2016-03-24 18:42:39','2016-03-24 18:42:39'),
(246,NULL,'di-ammonium hydrogen citrate',NULL,'3012-65-5','S',1,1,4,500,1,'512',2200,'Ar.','0000-00-00 00:00:00','','Panreac',0,'1','2016-03-24 18:42:39','2016-03-24 18:42:39'),
(247,NULL,'Sodium nitrate',NULL,'7631-99-4','S',500,500,4,500,1,'512',260,'Ar.','0000-00-00 00:00:00','','Ajax',0,'1','2016-03-24 18:42:39','2016-03-24 18:42:39'),
(248,NULL,'Sodium nitrite',NULL,'7632-00-0','S',500,500,4,500,1,'512',320,'Ar.','0000-00-00 00:00:00','','Ajax',0,'1','2016-03-24 18:42:39','2016-03-24 18:42:39'),
(249,NULL,'Potassium sulphate',NULL,'7778-80-5','S',1,1,4,500,1,'512',550,'Ar.','0000-00-00 00:00:00','','carlo',0,'1','2016-03-24 18:42:39','2016-03-24 18:42:39'),
(250,NULL,'EDTA ',NULL,'6381-92-6','S',500,500,4,500,1,'512',670,'Ar.','0000-00-00 00:00:00','','carlo',0,'1','2016-03-24 18:42:39','2016-03-24 18:42:39'),
(251,NULL,'Potassium hydroxide',NULL,'1310-58-3 ','S',1,1,4,500,1,'512',380,'Ar.','0000-00-00 00:00:00','','carlo',0,'1','2016-03-24 18:42:39','2016-03-24 18:42:39'),
(252,NULL,'Cobalt (II) chloride',NULL,'7646-79-9','S',250,250,4,500,1,'512',1600,'Ar.','0000-00-00 00:00:00','','carlo',0,'1','2016-03-24 18:42:39','2016-03-24 18:42:39'),
(253,NULL,'Ammonium molybdate',NULL,'12027-67-7','S',500,500,4,500,1,'512',1,'Ar.','0000-00-00 00:00:00','','carlo',0,'1','2016-03-24 18:42:39','2016-03-24 18:42:39'),
(254,NULL,'Sodium hydrogen sulfite ',NULL,'7681-38-1','S',500,500,4,500,1,'512',1,'Ar.','0000-00-00 00:00:00','','HIMEDIE',0,'1','2016-03-24 18:42:39','2016-03-24 18:42:39'),
(255,NULL,'Selenium',NULL,'7782-49-2','S',50,50,4,500,1,'512',1350,'Ar.','0000-00-00 00:00:00','','Merk',0,'1','2016-03-24 18:42:39','2016-03-24 18:42:39'),
(256,NULL,'1-octanol',NULL,'111-87-5','S',1,1,3,500,1,'512',1100,'Ar.','0000-00-00 00:00:00','','Panreac',0,'1','2016-03-24 18:42:39','2016-03-24 18:42:39'),
(257,NULL,'Sodium bisulfite',NULL,'7631-90-5','S',500,500,4,500,1,'512',550,'Ar.','0000-00-00 00:00:00','','Loba',0,'1','2016-03-24 18:42:39','2016-03-24 18:42:39'),
(258,NULL,'Neocuproine',NULL,'484-11-7','S',1,1,4,500,1,'512',1540,'Ar.','0000-00-00 00:00:00','','carlo',0,'1','2016-03-24 18:42:39','2016-03-24 18:42:39'),
(259,NULL,'oxalic acid',NULL,'144-62-7','S',500,500,4,500,1,'512',800,'Ar.','0000-00-00 00:00:00','','carlo',0,'1','2016-03-24 18:42:39','2016-03-24 18:42:39'),
(260,NULL,'Methylene blue',NULL,'61-73-4','S',100,100,4,500,1,'512',1,'Ar.','0000-00-00 00:00:00','','carlo',0,'1','2016-03-24 18:42:39','2016-03-24 18:42:39'),
(261,NULL,'Sodium metaperiodate',NULL,'7790-28-5','S',250,250,4,500,1,'512',1,'Ar.','0000-00-00 00:00:00','','carlo',0,'1','2016-03-24 18:42:39','2016-03-24 18:42:39'),
(262,NULL,'Sulfamic acid',NULL,'5329-14-6 ','S',500,500,4,500,1,'512',780,'Ar.','0000-00-00 00:00:00','','fisher',0,'1','2016-03-24 18:42:39','2016-03-24 18:42:39'),
(263,NULL,'4-aminoantipyridine',NULL,'256493-47-7','S',25,25,4,500,1,'512',1200,'Ar.','0000-00-00 00:00:00','','Aros',0,'1','2016-03-24 18:42:39','2016-03-24 18:42:39'),
(264,NULL,'Fluoreszene indicator',NULL,'68611-47-2','S',50,50,4,500,1,'512',4,'Ar.','0000-00-00 00:00:00','','Merk',0,'1','2016-03-24 18:42:39','2016-03-24 18:42:39'),
(265,NULL,'Iron (II) sulphate',NULL,'7720-78-7','S',1,1,4,500,1,'512',750,'Ar.','0000-00-00 00:00:00','','Ajax',0,'1','2016-03-24 18:42:39','2016-03-24 18:42:39'),
(266,NULL,'sym-diphenylcarbazide',NULL,'140-22-7','S',25,25,4,500,1,'512',3,'Ar.','0000-00-00 00:00:00','','carlo',0,'1','2016-03-24 18:42:39','2016-03-24 18:42:39'),
(267,NULL,'Potassium dichromate',NULL,'7778-50-9','S',1,1,4,500,1,'512',1,'Ar.','0000-00-00 00:00:00','','carlo',0,'1','2016-03-24 18:42:39','2016-03-24 18:42:39'),
(268,NULL,'Ammonium chloride',NULL,'12125-02-9','S',1,1,4,500,1,'512',570,'Ar.','0000-00-00 00:00:00','','carlo',0,'1','2016-03-24 18:42:39','2016-03-24 18:42:39'),
(269,NULL,'sym-diphenylthiocarbazone',NULL,'60-10-6','S',5,5,4,500,1,'512',3600,'Ar.','0000-00-00 00:00:00','','carlo',0,'1','2016-03-24 18:42:39','2016-03-24 18:42:39'),
(270,NULL,'3-nitroaniline',NULL,'99-09-2','S',100,100,4,500,1,'512',350,'Ar.','0000-00-00 00:00:00','','carlo',0,'1','2016-03-24 18:42:39','2016-03-24 18:42:39'),
(271,NULL,'O-tolidine',NULL,'119-93-7','S',100,100,4,500,1,'512',7600,'Ar.','0000-00-00 00:00:00','','carlo',0,'1','2016-03-24 18:42:39','2016-03-24 18:42:39'),
(272,NULL,'2-nitroaniline',NULL,'88-74-4','S',250,250,4,500,1,'512',750,'Ar.','0000-00-00 00:00:00','','carlo',0,'1','2016-03-24 18:42:39','2016-03-24 18:42:39'),
(273,NULL,'4,4phenylenediamine',NULL,'160-50-3','S',50,50,4,500,1,'512',0,'Ar.','0000-00-00 00:00:00','','carlo',0,'1','2016-03-24 18:42:39','2016-03-24 18:42:39'),
(274,NULL,'Allylthiourea',NULL,'109-57-9','S',50,50,4,500,1,'512',620,'Ar.','0000-00-00 00:00:00','','carlo',0,'1','2016-03-24 18:42:39','2016-03-24 18:42:39'),
(275,NULL,'Nitrilotriacetic acid',NULL,'139-13-9','S',100,100,4,500,1,'512',960,'Ar.','0000-00-00 00:00:00','','carlo',0,'1','2016-03-24 18:42:39','2016-03-24 18:42:39'),
(276,NULL,'Ammonium oxalate anhydrous',NULL,'1113-38-8','S',500,500,4,500,1,'512',825,'Ar.','0000-00-00 00:00:00','','Merk',0,'1','2016-03-24 18:42:39','2016-03-24 18:42:39'),
(277,NULL,'Ammonium metavanadate ',NULL,'7803-55-6','S',250,250,4,500,1,'512',1,'Ar.','0000-00-00 00:00:00','','Merk',0,'1','2016-03-24 18:42:39','2016-03-24 18:42:39'),
(278,NULL,'Potassium hydroxide',NULL,'1310-58-3','S',1,1,4,500,1,'512',380,'Ar.','0000-00-00 00:00:00','','carlo',0,'1','2016-03-24 18:42:39','2016-03-24 18:42:39'),
(279,NULL,'Calcium carbonate',NULL,'471-34-1','S',500,500,4,500,1,'512',480,'Ar.','0000-00-00 00:00:00','','Unilab',0,'1','2016-03-24 18:42:39','2016-03-24 18:42:39'),
(280,NULL,'Potassium cyanide',NULL,'151-50-8 ','S',250,250,4,500,1,'512',850,'Ar.','0000-00-00 00:00:00','','carlo',0,'1','2016-03-24 18:42:39','2016-03-24 18:42:39'),
(281,NULL,'Eriochrom black T',NULL,'1787-61-7','S',25,25,4,500,1,'512',850,'Ar.','0000-00-00 00:00:00','','fisher',0,'1','2016-03-24 18:42:39','2016-03-24 18:42:39'),
(282,NULL,'Bromocresol green',NULL,'76-60-8','S',5,5,4,500,3,'508',630,'Lab','0000-00-00 00:00:00','ป.ใหม่มี 5 ขวด','Lab chem',0,'1','2016-03-24 18:42:39','2016-03-24 18:42:39'),
(283,NULL,'Bromophenol blue',NULL,'115-39-9','S',100,100,4,500,1,'512',630,'Ar.','0000-00-00 00:00:00','','carlo',0,'1','2016-03-24 18:42:39','2016-03-24 18:42:39'),
(284,NULL,'Thymol blue',NULL,'76-61-9','S',5,5,4,500,1,'512',480,'Ar.','0000-00-00 00:00:00','','carlo',0,'1','2016-03-24 18:42:39','2016-03-24 18:42:39'),
(285,NULL,'Iron (II) chloride',NULL,'7758-94-3','S',1,1,4,500,1,'512',740,'Ar.','0000-00-00 00:00:00','','Unilab',0,'1','2016-03-24 18:42:39','2016-03-24 18:42:39'),
(286,NULL,'tri sodium citrate ',NULL,'6132 04 3','S',1,1,4,500,1,'512',700,'Ar.','0000-00-00 00:00:00','','fisher',0,'1','2016-03-24 18:42:39','2016-03-24 18:42:39'),
(287,NULL,'Magnesium chloride anhydrous',NULL,'7786-30-3','S',1,1,4,500,1,'512',360,'Ar.','0000-00-00 00:00:00','','carlo',0,'1','2016-03-24 18:42:39','2016-03-24 18:42:39'),
(288,NULL,'Calcium chloride',NULL,'10043-52-4','S',1,1,4,500,1,'512',630,'Ar.','0000-00-00 00:00:00','','carlo',0,'1','2016-03-24 18:42:39','2016-03-24 18:42:39'),
(289,NULL,'Citric acid',NULL,'77-92-9','S',1,1,4,500,1,'512',480,'Ar.','0000-00-00 00:00:00','','carlo',0,'1','2016-03-24 18:42:39','2016-03-24 18:42:39'),
(290,NULL,'Sodium azide',NULL,'26628-22-8','S',250,250,4,500,1,'512',1200,'Ar.','0000-00-00 00:00:00','','carlo',0,'1','2016-03-24 18:42:39','2016-03-24 18:42:39'),
(291,NULL,'Sodium arsenite',NULL,'7784-46-5 ','S',100,100,4,500,1,'512',720,'Ar.','0000-00-00 00:00:00','','carlo',0,'1','2016-03-24 18:42:39','2016-03-24 18:42:39'),
(292,NULL,'Tetra hydroquinone',NULL,'148-24-3','S',5,5,4,500,1,'512',900,'Ar.','0000-00-00 00:00:00','','Fluka',0,'1','2016-03-24 18:42:39','2016-03-24 18:42:39'),
(293,NULL,'Magnesium acetate anhydrous',NULL,'142-72-3','S',250,250,4,500,1,'512',1,'Ar.','0000-00-00 00:00:00','','carlo',0,'1','2016-03-24 18:42:39','2016-03-24 18:42:39'),
(294,NULL,'Sodium nitroprusside',NULL,'13755-38-9','S',100,100,4,500,1,'512',1540,'Ar.','0000-00-00 00:00:00','','carlo',0,'1','2016-03-24 18:42:39','2016-03-24 18:42:39'),
(295,NULL,'Sulfanilamide',NULL,'63-74-1','S',250,250,4,500,1,'512',1200,'Ar.','0000-00-00 00:00:00','','carlo',0,'1','2016-03-24 18:42:39','2016-03-24 18:42:39'),
(296,NULL,'oxalic acid',NULL,'6153-56-6','S',500,500,4,500,1,'512',680,'Ar.','0000-00-00 00:00:00','','carlo',0,'1','2016-03-24 18:42:39','2016-03-24 18:42:39'),
(297,NULL,'Potassium iodate',NULL,'7758 05 6','S',250,250,4,500,1,'512',1,'Ar.','0000-00-00 00:00:00','','fisher',0,'1','2016-03-24 18:42:39','2016-03-24 18:42:39'),
(298,NULL,'m-Toluic acid',NULL,'99-04-7','S',250,250,4,500,1,'512',2500,'Ar.','0000-00-00 00:00:00','','Fluka',0,'1','2016-03-24 18:42:39','2016-03-24 18:42:39'),
(299,NULL,'Potassium chloride',NULL,'7447-40-7 ','S',1,1,4,500,1,'512',370,'Ar.','0000-00-00 00:00:00','','carlo',0,'1','2016-03-24 18:42:39','2016-03-24 18:42:39'),
(300,NULL,'Potassium hydroxide',NULL,'1310-58-3','S',1,1,4,500,1,'512',380,'Ar.','0000-00-00 00:00:00','','carlo',0,'1','2016-03-24 18:42:39','2016-03-24 18:42:39'),
(301,NULL,'Calcium chloride ',NULL,'10035-04-8','S',500,500,4,500,1,'512',630,'Ar.','0000-00-00 00:00:00','','carlo',0,'1','2016-03-24 18:42:39','2016-03-24 18:42:39'),
(302,NULL,'Sodium nitrate',NULL,'7631-99-4','S',500,500,4,500,1,'512',820,'Ar.','0000-00-00 00:00:00','','carlo',0,'1','2016-03-24 18:42:39','2016-03-24 18:42:39'),
(303,NULL,'Barium chloride',NULL,'10326-27-9','S',1,1,4,500,1,'512',910,'Ar.','0000-00-00 00:00:00','','carlo',0,'1','2016-03-24 18:42:39','2016-03-24 18:42:39'),
(304,NULL,'Tri-sodium citrarte dihydrate',NULL,' 6132-04-3','S',1,1,4,500,1,'512',700,'Ar.','0000-00-00 00:00:00','','fisher',0,'1','2016-03-24 18:42:39','2016-03-24 18:42:39'),
(305,NULL,'Sulfamic acid',NULL,'5329-14-6 ','S',500,500,4,500,1,'512',780,'Ar.','0000-00-00 00:00:00','','fisher',0,'1','2016-03-24 18:42:39','2016-03-24 18:42:39'),
(306,NULL,'Potassium iodate',NULL,'7758 05 6','S',500,500,4,500,1,'512',1,'Ar.','0000-00-00 00:00:00','','carlo',0,'1','2016-03-24 18:42:39','2016-03-24 18:42:39'),
(307,NULL,'Sodium iodide ',NULL,'7681-82-5','S',500,500,4,500,1,'512',3000,'Ar.','0000-00-00 00:00:00','','carlo',0,'1','2016-03-24 18:42:39','2016-03-24 18:42:39'),
(308,NULL,'Sulfanilic acid',NULL,'121-57-3','S',500,500,4,500,1,'512',1350,'Ar.','0000-00-00 00:00:00','','carlo',0,'1','2016-03-24 18:42:39','2016-03-24 18:42:39'),
(309,NULL,'Calcium sulphate dihydrate',NULL,'10101-41-4','S',1,1,1,500,1,'512',850,'Ar.','0000-00-00 00:00:00','','carlo',0,'1','2016-03-24 18:42:39','2016-03-24 18:42:39'),
(310,NULL,'Potassium hydrogen iodate',NULL,'13455-24-8','S',50,50,4,500,1,'512',1480,'Ar.','0000-00-00 00:00:00','','carlo',0,'1','2016-03-24 18:42:39','2016-03-24 18:42:39'),
(311,NULL,'iso-butanol',NULL,'78-83-1','S',1000,1000,5,500,1,'512',780,'Ar.','0000-00-00 00:00:00','','carlo',0,'1','2016-03-24 18:42:39','2016-03-24 18:42:39'),
(312,NULL,'Ammonium oxalate',NULL,'1113-38-8','S',1,1,4,500,1,'512',825,'Ar.','0000-00-00 00:00:00','','Merk',0,'1','2016-03-24 18:42:39','2016-03-24 18:42:39'),
(313,NULL,'Magnesium chloride hexahydrate',NULL,'7791-18-6','S',1,1,4,500,1,'512',360,'Ar.','0000-00-00 00:00:00','','carlo',0,'1','2016-03-24 18:42:39','2016-03-24 18:42:39'),
(314,NULL,'Sodium tetraborate',NULL,'1330-43-4','S',1,1,4,500,1,'512',770,'Ar.','0000-00-00 00:00:00','','carlo',0,'1','2016-03-24 18:42:39','2016-03-24 18:42:39'),
(315,NULL,'Sodium oxalate',NULL,'62-76-0','S',1,1,4,500,1,'512',1,'Ar.','0000-00-00 00:00:00','','carlo',0,'1','2016-03-24 18:42:39','2016-03-24 18:42:39'),
(316,NULL,'Sodium fluoride',NULL,'7681-49-4','S',1,1,4,500,1,'512',900,'Ar.','0000-00-00 00:00:00','','carlo',0,'1','2016-03-24 18:42:39','2016-03-24 18:42:39'),
(317,NULL,'Calcium acetate',NULL,'62-54-4','S',1,1,4,500,1,'512',1600,'Ar.','0000-00-00 00:00:00','','carlo',0,'1','2016-03-24 18:42:39','2016-03-24 18:42:39'),
(318,NULL,'Sodium carbonate',NULL,'497-19-8','S',1,1,4,500,1,'512',630,'Ar.','0000-00-00 00:00:00','','carlo',0,'1','2016-03-24 18:42:39','2016-03-24 18:42:39'),
(319,NULL,'Mercury (II) iodide',NULL,'7774-29-0','S',250,250,4,500,1,'512',6,'Ar.','0000-00-00 00:00:00','','carlo',0,'1','2016-03-24 18:42:39','2016-03-24 18:42:39'),
(320,NULL,'dipotassium hydrogen phosphate',NULL,'7758 11 4','S',1,1,4,500,1,'512',720,'Ar.','0000-00-00 00:00:00','','carlo',0,'1','2016-03-24 18:42:39','2016-03-24 18:42:39'),
(321,NULL,'Iron chloride',NULL,'7647-17-8','S',1,1,4,500,1,'512',740,'Ar.','0000-00-00 00:00:00','','Unilab',0,'1','2016-03-24 18:42:39','2016-03-24 18:42:39'),
(322,NULL,'Sodium metasilicate',NULL,' 6834-92-0','S',500,500,4,500,1,'512',500,'Ar.','0000-00-00 00:00:00','','Ajax',0,'1','2016-03-24 18:42:39','2016-03-24 18:42:39'),
(323,NULL,'Magnesium sulphate anhydrous',NULL,'7487-88-9','S',500,500,4,500,1,'512',480,'Ar.','0000-00-00 00:00:00','','carlo',0,'1','2016-03-24 18:42:39','2016-03-24 18:42:39'),
(324,NULL,'di-ammonium hydrogen phosphate',NULL,'7783-28-0','S',1,1,4,500,1,'512',1,'Ar.','0000-00-00 00:00:00','','carlo',0,'1','2016-03-24 18:42:39','2016-03-24 18:42:39'),
(325,NULL,'Aluminium potassium sulphate a',NULL,'10043-67-1 ','S',1,1,4,500,1,'512',720,'Ar.','0000-00-00 00:00:00','','carlo',0,'1','2016-03-24 18:42:39','2016-03-24 18:42:39'),
(326,NULL,'Aluminium oxide',NULL,'1344-28-1','S',1,1,4,500,1,'512',1,'Ar.','0000-00-00 00:00:00','','carlo',0,'1','2016-03-24 18:42:39','2016-03-24 18:42:39'),
(327,NULL,'Acacia',NULL,'9000 01 5','S',500,500,4,500,3,'508',960,'Ar.','0000-00-00 00:00:00','ป.ใหม่ 1 ขวด','Ajax',0,'1','2016-03-24 18:42:39','2016-03-24 18:42:39'),
(328,NULL,'Aurintricaboxylic acid',NULL,'4431-00-9','S',25,25,4,500,1,'512',1,'Ar.','0000-00-00 00:00:00','','Acros',0,'1','2016-03-24 18:42:39','2016-03-24 18:42:39'),
(329,NULL,'di-ammonium hydrogen citrate',NULL,'3012-65-5','S',1,1,4,500,1,'512',2,'Ar.','0000-00-00 00:00:00','','carlo',0,'1','2016-03-24 18:42:39','2016-03-24 18:42:39'),
(330,NULL,'Ammonium chloride ',NULL,'12125-02-9','S',1,1,4,500,1,'512',550,'Ar.','0000-00-00 00:00:00','','carlo',0,'1','2016-03-24 18:42:39','2016-03-24 18:42:39'),
(331,NULL,'Ammonium oxalate',NULL,'1113-38-8','S',1,1,4,500,1,'512',825,'Ar.','0000-00-00 00:00:00','','carlo',0,'1','2016-03-24 18:42:39','2016-03-24 18:42:39'),
(332,NULL,'Ammonium metavanadate',NULL,'7803-55-6','S',100,100,4,500,1,'512',780,'Ar.','0000-00-00 00:00:00','','carlo',0,'1','2016-03-24 18:42:39','2016-03-24 18:42:39'),
(333,NULL,'Ammonium fluoride',NULL,'12125-01-8','S',500,500,4,500,1,'512',0,'Ar.','0000-00-00 00:00:00','ปัจจุบันนำเข้าไม่ได้','carlo',0,'1','2016-03-24 18:42:39','2016-03-24 18:42:39'),
(334,NULL,'Antibumping granules',NULL,'90669-62-8','S',500,500,4,500,1,'512',900,'Ar.','0000-00-00 00:00:00','','',0,'1','2016-03-24 18:42:39','2016-03-24 18:42:39'),
(335,NULL,'Aluminium hydroxide',NULL,'21645-51-2','S',1,1,4,500,1,'512',2520,'Ar.','0000-00-00 00:00:00','','carlo',0,'1','2016-03-24 18:42:39','2016-03-24 18:42:39'),
(336,NULL,'Ammoniummolybdate ',NULL,'12027-67-7','S',500,500,4,500,1,'512',3,'Ar.','0000-00-00 00:00:00','','carlo',0,'1','2016-03-24 18:42:39','2016-03-24 18:42:39'),
(337,NULL,'Antimony potassium tartrate tr',NULL,'28300-74-5','S',250,250,4,500,1,'512',1,'Ar.','0000-00-00 00:00:00','','Ajax',0,'1','2016-03-24 18:42:39','2016-03-24 18:42:39'),
(338,NULL,'Bentonite',NULL,'1302-78-9','S',500,500,4,500,1,'512',2660,'Ar.','0000-00-00 00:00:00','','Sigma',0,'1','2016-03-24 18:42:39','2016-03-24 18:42:39'),
(339,NULL,'Barium sulphate',NULL,'7727-43-7','S',1,1,4,500,1,'512',420,'Ar.','0000-00-00 00:00:00','','BDH',0,'1','2016-03-24 18:42:39','2016-03-24 18:42:39'),
(340,NULL,'Boric acid',NULL,'10043-35-3 ','S',1,1,4,500,3,'508',450,'Ar.','0000-00-00 00:00:00','ป.สิ่งแวดล้อม','carlo',0,'1','2016-03-24 18:42:39','2016-03-24 18:42:39'),
(341,NULL,'Barium diphenylamine sulfonate',NULL,'6211-24-1','S',5,5,4,500,1,'512',4,'Ar.','0000-00-00 00:00:00','','Acros',0,'1','2016-03-24 18:42:39','2016-03-24 18:42:39'),
(342,NULL,'Bromocresol green',NULL,'76-60-8','S',5,5,4,500,1,'512',630,'Ar.','0000-00-00 00:00:00','','Acros',0,'1','2016-03-24 18:42:39','2016-03-24 18:42:39'),
(343,NULL,'Brucine sulphate heptahydrate',NULL,'4845-99-2','S',5,5,4,500,3,'508',1,'Ar.','0000-00-00 00:00:00','ป.สิ่งแวดล้อม','Acros',0,'1','2016-03-24 18:42:39','2016-03-24 18:42:39'),
(344,NULL,'Barium hydroxide monohydrate',NULL,'22326-55-2','S',1,1,4,500,1,'512',840,'Ar.','0000-00-00 00:00:00','','carlo',0,'1','2016-03-24 18:42:39','2016-03-24 18:42:39'),
(345,NULL,'Calcium chloride hexahydrate',NULL,'7774-34-7','S',1,1,4,500,1,'512',840,'Ar.','0000-00-00 00:00:00','','carlo',0,'1','2016-03-24 18:42:39','2016-03-24 18:42:39'),
(346,NULL,'Calcium carbonate',NULL,'471-34-1','S',250,250,4,500,1,'512',850,'Ar.','0000-00-00 00:00:00','','carlo',0,'1','2016-03-24 18:42:39','2016-03-24 18:42:39'),
(347,NULL,'Cadmium ',NULL,'7440-43-9','S',120,120,4,500,1,'512',1,'Ar.','0000-00-00 00:00:00','','carlo',0,'1','2016-03-24 18:42:39','2016-03-24 18:42:39'),
(348,NULL,'Cadmium nitrate tetrahydrate',NULL,'10022-68-1','S',100,100,4,500,1,'512',1,'Ar.','0000-00-00 00:00:00','','Fluka',0,'1','2016-03-24 18:42:39','2016-03-24 18:42:39'),
(349,NULL,'B-cyclodextrin',NULL,'7585-39-9','S',25,25,4,500,1,'512',725,'Ar.','0000-00-00 00:00:00','','carlo',0,'1','2016-03-24 18:42:39','2016-03-24 18:42:39'),
(350,NULL,'Citric acid monohydrate',NULL,'5949-29-1','S',1,1,1,500,1,'512',480,'Ar.','0000-00-00 00:00:00','','carlo',0,'1','2016-03-24 18:42:39','2016-03-24 18:42:39'),
(351,NULL,'Calcium acetate',NULL,'5743-26-0','S',500,500,4,500,1,'512',800,'Ar.','0000-00-00 00:00:00','','Ajax',0,'1','2016-03-24 18:42:39','2016-03-24 18:42:39'),
(352,NULL,'Ammonium iron (II) sulphate',NULL,'10045-89-3 ','S',1,1,4,500,1,'512',1,'Ar.','0000-00-00 00:00:00','','carlo',0,'1','2016-03-24 18:42:39','2016-03-24 18:42:39'),
(353,NULL,'Diphenylamine sulfonate barium',NULL,'6211-24-1','S',5,5,4,500,1,'512',4,'Ar.','0000-00-00 00:00:00','','Acros',0,'1','2016-03-24 18:42:39','2016-03-24 18:42:39'),
(354,NULL,'Dithizone',NULL,'60-10-6','S',10,10,4,500,1,'512',2300,'Ar.','0000-00-00 00:00:00','','carlo',0,'1','2016-03-24 18:42:39','2016-03-24 18:42:39'),
(355,NULL,'Iron chloride',NULL,'7705-08-0','S',1,1,4,500,1,'512',740,'Ar.','0000-00-00 00:00:00','','Ajax',0,'1','2016-03-24 18:42:39','2016-03-24 18:42:39'),
(356,NULL,'Iron sulphate',NULL,'7782-63-0','S',1,1,4,500,1,'512',750,'Ar.','0000-00-00 00:00:00','','fisher',0,'1','2016-03-24 18:42:39','2016-03-24 18:42:39'),
(357,NULL,'Iron (III) ammonium sulphate',NULL,'7783-83-7','S',1,1,4,500,3,'508',1650,'Ar.','0000-00-00 00:00:00','ป.สิ่งแวดล้อม 6 ขวด ขนาด 500 g','carlo',0,'1','2016-03-24 18:42:39','2016-03-24 18:42:39'),
(358,NULL,'Diatomaceous',NULL,'68855-54-9','S',1,1,4,500,1,'512',5,'Ar.','0000-00-00 00:00:00','','carlo',0,'1','2016-03-24 18:42:39','2016-03-24 18:42:39'),
(359,NULL,'L-tartaric acid',NULL,'87-69-4','S',500,500,4,500,1,'512',600,'Ar.','0000-00-00 00:00:00','','carlo',0,'1','2016-03-24 18:42:39','2016-03-24 18:42:39'),
(360,NULL,'D-Glucose',NULL,'50-99-7','S',1,1,4,500,1,'512',780,'Ar.','0000-00-00 00:00:00','','carlo',0,'1','2016-03-24 18:42:39','2016-03-24 18:42:39'),
(361,NULL,'D-manitol',NULL,'69–65–8','S',500,500,4,500,1,'512',960,'Ar.','0000-00-00 00:00:00','','carlo',0,'1','2016-03-24 18:42:39','2016-03-24 18:42:39'),
(362,NULL,'Ferric chloride',NULL,'7705-08-0','S',500,500,4,500,1,'512',500,'Ar.','0000-00-00 00:00:00','','carlo',0,'1','2016-03-24 18:42:39','2016-03-24 18:42:39'),
(363,NULL,'Glycine',NULL,'56-40-6','S',250,250,4,500,1,'512',640,'Ar.','0000-00-00 00:00:00','','carlo',0,'1','2016-03-24 18:42:39','2016-03-24 18:42:39'),
(364,NULL,'L-Glutamic acid',NULL,'56-86-0','S',500,500,4,500,1,'512',1,'Ar.','0000-00-00 00:00:00','','Ajax',0,'1','2016-03-24 18:42:39','2016-03-24 18:42:39'),
(365,NULL,'Hexadecyltrimethylammonium bro',NULL,'57-09-0','S',100,100,4,500,1,'512',2150,'Ar.','0000-00-00 00:00:00','','carlo',0,'1','2016-03-24 18:42:39','2016-03-24 18:42:39'),
(366,NULL,'Calcium carbonate',NULL,'471-34-1','S',1,1,4,500,1,'512',850,'Ar.','0000-00-00 00:00:00','','Sigma',0,'1','2016-03-24 18:42:39','2016-03-24 18:42:39'),
(367,NULL,'n-amyl alcohol',NULL,'71-41-0','S',1000,1000,5,500,1,'512',1440,'Ar.','0000-00-00 00:00:00','','carlo',0,'1','2016-03-24 18:42:39','2016-03-24 18:42:39'),
(368,NULL,'Lead (II) sulphate',NULL,'7446-14-2','S',250,250,4,500,1,'512',1,'Ar.','0000-00-00 00:00:00','','carlo',0,'1','2016-03-24 18:42:39','2016-03-24 18:42:39'),
(369,NULL,'Lead (II) nitrate',NULL,'10099-74-8','S',500,500,4,500,1,'512',600,'Ar.','0000-00-00 00:00:00','','Ajax',0,'1','2016-03-24 18:42:39','2016-03-24 18:42:39'),
(370,NULL,'Manganese sulphate',NULL,'7785-87-7','S',1,1,4,500,1,'512',920,'Ar.','0000-00-00 00:00:00','','carlo',0,'1','2016-03-24 18:42:39','2016-03-24 18:42:39'),
(371,NULL,'Magnesium sulphate',NULL,'10034-99-8','S',1,1,4,500,1,'512',480,'Ar.','0000-00-00 00:00:00','','carlo',0,'1','2016-03-24 18:42:39','2016-03-24 18:42:39'),
(372,NULL,'Metaphosphoric',NULL,'37267-86-0','S',250,250,4,500,1,'512',1,'Ar.','0000-00-00 00:00:00','','carlo',0,'1','2016-03-24 18:42:39','2016-03-24 18:42:39'),
(373,NULL,'Mercury iodide',NULL,'7774-29-0','S',250,250,4,500,1,'512',1200,'Ar.','0000-00-00 00:00:00','','carlo',0,'1','2016-03-24 18:42:39','2016-03-24 18:42:39'),
(374,NULL,'Mercury sulphate',NULL,'7783-35-9','S',250,250,4,500,1,'512',2,'Ar.','0000-00-00 00:00:00','','carlo',0,'1','2016-03-24 18:42:39','2016-03-24 18:42:39'),
(375,NULL,'Mercury oxide red',NULL,'21908-53-2','S',250,250,4,500,3,'508',2,'Ar.','0000-00-00 00:00:00','ป.หลังใหม่','carlo',0,'1','2016-03-24 18:42:39','2016-03-24 18:42:39'),
(376,NULL,'Mercury chloride',NULL,'7487-94-7','S',250,250,4,500,1,'512',1,'Ar.','0000-00-00 00:00:00','','carlo',0,'1','2016-03-24 18:42:39','2016-03-24 18:42:39'),
(377,NULL,'Methyl red',NULL,'493-52-7','S',25,25,4,500,1,'512',540,'Ar.','0000-00-00 00:00:00','','fisher',0,'1','2016-03-24 18:42:39','2016-03-24 18:42:39'),
(378,NULL,'Methyl orange',NULL,'547-58-0','S',100,100,4,500,1,'512',1,'Ar.','0000-00-00 00:00:00','','carlo',0,'1','2016-03-24 18:42:39','2016-03-24 18:42:39'),
(379,NULL,'Methylene blue',NULL,'61-73-4','S',100,100,4,500,1,'512',1,'Ar.','0000-00-00 00:00:00','','carlo',0,'1','2016-03-24 18:42:39','2016-03-24 18:42:39'),
(380,NULL,'2-methyl propanol',NULL,'78-83-1','S',500,500,5,500,1,'512',0,'Ar.','0000-00-00 00:00:00','','carlo',0,'1','2016-03-24 18:42:39','2016-03-24 18:42:39'),
(381,NULL,'phenol red',NULL,'143-74-8','S',5,5,4,500,3,'508',550,'Ar.','0000-00-00 00:00:00','ป.สิ่งแวดล้อม','carlo',0,'1','2016-03-24 18:42:39','2016-03-24 18:42:39'),
(382,NULL,'4 nitrophenol',NULL,'100-02-7','S',100,100,4,500,1,'512',1,'Ar.','0000-00-00 00:00:00','','BDS Lab',0,'1','2016-03-24 18:42:39','2016-03-24 18:42:39'),
(383,NULL,'Nickel sulphate',NULL,'7786-81-4','S',500,500,4,500,1,'512',620,'Ar.','0000-00-00 00:00:00','','Fluka',0,'1','2016-03-24 18:42:39','2016-03-24 18:42:39'),
(384,NULL,'Natriumhydrogensulfit',NULL,'7631-90-5','S',1,1,4,500,1,'512',600,'Ar.','0000-00-00 00:00:00','','carlo',0,'1','2016-03-24 18:42:39','2016-03-24 18:42:39'),
(385,NULL,'Oxalic acid',NULL,'144-62-7','S',1,1,4,500,1,'512',680,'Ar.','0000-00-00 00:00:00','','carlo',0,'1','2016-03-24 18:42:39','2016-03-24 18:42:39'),
(386,NULL,'O-Acetylsalicylic',NULL,'50-78-2','S',250,250,4,500,1,'512',580,'Ar.','0000-00-00 00:00:00','','carlo',0,'1','2016-03-24 18:42:39','2016-03-24 18:42:39'),
(387,NULL,'Potassium persulfate',NULL,'7727-21-1','S',1,1,4,500,1,'512',950,'Ar.','0000-00-00 00:00:00','','carlo',0,'1','2016-03-24 18:42:39','2016-03-24 18:42:39'),
(388,NULL,'Potassium dichromate',NULL,'7778-50-9','S',1,1,4,500,1,'512',1,'Ar.','0000-00-00 00:00:00','','carlo',0,'1','2016-03-24 18:42:39','2016-03-24 18:42:39'),
(389,NULL,'Potassium chromate',NULL,'7789-00-6','S',1,1,4,500,1,'512',1020,'Ar.','0000-00-00 00:00:00','','carlo',0,'1','2016-03-24 18:42:39','2016-03-24 18:42:39'),
(390,NULL,'Potassium nitrate',NULL,'7757-79-1','S',1,1,4,500,1,'512',750,'Ar.','0000-00-00 00:00:00','','Ajax',0,'1','2016-03-24 18:42:39','2016-03-24 18:42:39'),
(391,NULL,'Potassium di-hydrogen phosphat',NULL,'7778-77-0','S',1,1,4,500,1,'512',770,'Ar.','0000-00-00 00:00:00','','carlo',0,'1','2016-03-24 18:42:39','2016-03-24 18:42:39'),
(392,NULL,'di-potassium hydrogen phosphat',NULL,'7758 11 4 ','S',1,1,4,500,1,'512',1280,'Ar.','0000-00-00 00:00:00','','carlo',0,'1','2016-03-24 18:42:39','2016-03-24 18:42:39'),
(393,NULL,'Antimony potassium tartrate tr',NULL,'28300-74-5','S',500,500,4,500,1,'512',1,'Ar.','0000-00-00 00:00:00','','Ajax',0,'1','2016-03-24 18:42:39','2016-03-24 18:42:39'),
(394,NULL,'Potassium bromide',NULL,'7758 02 3','S',500,500,4,500,1,'512',1,'Ar.','0000-00-00 00:00:00','','carlo',0,'1','2016-03-24 18:42:39','2016-03-24 18:42:39'),
(395,NULL,'Potassium hydroxide',NULL,'1310-58-3','S',1,1,4,500,1,'512',450,'Ar.','0000-00-00 00:00:00','','Ajax',0,'1','2016-03-24 18:42:39','2016-03-24 18:42:39'),
(396,NULL,'Potassium permanganate',NULL,'7722-64-7','S',500,500,4,500,1,'512',1200,'Ar.','0000-00-00 00:00:00','','Ajax',0,'1','2016-03-24 18:42:39','2016-03-24 18:42:39'),
(397,NULL,'Potassium cyanide',NULL,'151-50-8 ','S',250,250,4,500,1,'512',1450,'Ar.','0000-00-00 00:00:00','','carlo',0,'1','2016-03-24 18:42:39','2016-03-24 18:42:39'),
(398,NULL,'Potassium chromate',NULL,'7789-00-6','S',250,250,4,500,1,'512',1020,'Ar.','0000-00-00 00:00:00','','carlo',0,'1','2016-03-24 18:42:39','2016-03-24 18:42:39'),
(399,NULL,'Pyrene',NULL,'129-00-0','S',100,100,4,500,1,'512',4800,'Ar.','0000-00-00 00:00:00','','carlo',0,'1','2016-03-24 18:42:39','2016-03-24 18:42:39'),
(400,NULL,'Potassium fluoride',NULL,'7789-23-3','S',500,500,4,500,1,'512',1,'Ar.','0000-00-00 00:00:00','','Ajax',0,'1','2016-03-24 18:42:39','2016-03-24 18:42:39'),
(401,NULL,'Palladium chloride',NULL,'7647 10 1','S',100,100,4,500,1,'512',370,'Ar.','0000-00-00 00:00:00','','carlo',0,'1','2016-03-24 18:42:39','2016-03-24 18:42:39'),
(402,NULL,'KHP',NULL,'877-24-7','S',500,500,4,500,1,'512',1500,'Ar.','0000-00-00 00:00:00','','carlo',0,'1','2016-03-24 18:42:39','2016-03-24 18:42:39'),
(403,NULL,'Phenolphalene',NULL,'77-09-8','S',100,100,4,500,1,'512',500,'Ar.','0000-00-00 00:00:00','','SD fide chem',0,'1','2016-03-24 18:42:39','2016-03-24 18:42:39'),
(404,NULL,'Potassium hydrogen iodate',NULL,'13455-24-8','S',25,25,4,500,1,'512',1480,'Ar.','0000-00-00 00:00:00','','carlo',0,'1','2016-03-24 18:42:39','2016-03-24 18:42:39'),
(405,NULL,'Phenanthrene',NULL,'85-01-8 ','S',100,100,4,500,1,'512',550,'Ar.','0000-00-00 00:00:00','','carlo',0,'1','2016-03-24 18:42:39','2016-03-24 18:42:39'),
(406,NULL,'Potassium ferricyanide',NULL,'13746-66-2','S',250,250,4,500,1,'512',850,'Ar.','0000-00-00 00:00:00','','carlo',0,'1','2016-03-24 18:42:39','2016-03-24 18:42:39'),
(407,NULL,'Potassium alum',NULL,'10043-67-1','S',250,250,4,500,1,'512',950,'Ar.','0000-00-00 00:00:00','','carlo',0,'1','2016-03-24 18:42:39','2016-03-24 18:42:39'),
(408,NULL,'Potassium tartrate',NULL,'868-14-4','S',1,1,4,500,1,'512',900,'Ar.','0000-00-00 00:00:00','','carlo',0,'1','2016-03-24 18:42:39','2016-03-24 18:42:39'),
(409,NULL,'Sulfanilic acid',NULL,'121-57-3','S',1,1,4,500,1,'512',1350,'Ar.','0000-00-00 00:00:00','','carlo',0,'1','2016-03-24 18:42:39','2016-03-24 18:42:39'),
(410,NULL,'Sodium thiosulfate',NULL,'7772-98-7','S',1,1,4,500,3,'508',550,'Ar.','0000-00-00 00:00:00','ป.สิ่งแวดล้อม 2 ขวด','fisher',0,'1','2016-03-24 18:42:39','2016-03-24 18:42:39'),
(411,NULL,'di-sodium hydrogen phosphate',NULL,'10028-24-7','S',1,1,4,500,3,'508',960,'Ar.','0000-00-00 00:00:00','ป.สิ่งแวดล้อม 3 ขวด','carlo',0,'1','2016-03-24 18:42:39','2016-03-24 18:42:39'),
(412,NULL,'Sodium metabisulfite',NULL,'7681-57-4','S',1,1,4,500,1,'512',660,'Ar.','0000-00-00 00:00:00','','Ajax',0,'1','2016-03-24 18:42:39','2016-03-24 18:42:39'),
(413,NULL,'Sodium sulphate',NULL,'7757-82-6','S',1,1,4,500,1,'512',430,'Ar.','0000-00-00 00:00:00','','carlo',0,'1','2016-03-24 18:42:39','2016-03-24 18:42:39'),
(414,NULL,'Sodium carbonate monohydrate',NULL,'5968 11 6','S',1,1,4,500,1,'512',960,'Ar.','0000-00-00 00:00:00','','carlo',0,'1','2016-03-24 18:42:39','2016-03-24 18:42:39'),
(415,NULL,'Sodium hydrogen carbonate',NULL,'144-55-8','S',1,1,4,500,1,'512',660,'Ar.','0000-00-00 00:00:00','','carlo',0,'1','2016-03-24 18:42:39','2016-03-24 18:42:39'),
(416,NULL,'Sodium fluoride',NULL,'7681-49-4','S',500,500,4,500,1,'512',1060,'Ar.','0000-00-00 00:00:00','','carlo',0,'1','2016-03-24 18:42:39','2016-03-24 18:42:39'),
(417,NULL,'Sodium acetate',NULL,'6131-90-4','S',1,1,4,500,1,'512',1200,'Ar.','0000-00-00 00:00:00','','Rankem',0,'1','2016-03-24 18:42:39','2016-03-24 18:42:39'),
(418,NULL,'Sodium cyanide',NULL,'143-33-9','S',250,250,4,500,1,'512',970,'Ar.','0000-00-00 00:00:00','','Panreac',0,'1','2016-03-24 18:42:39','2016-03-24 18:42:39'),
(419,NULL,'Sodium metasilicate',NULL,'6834-92-0','S',1,1,4,500,1,'512',1,'Ar.','0000-00-00 00:00:00','','carlo',0,'1','2016-03-24 18:42:39','2016-03-24 18:42:39'),
(420,NULL,'Sodium hydroxide',NULL,'1310-73-2 ','S',1,1,4,500,1,'512',290,'Ar.','0000-00-00 00:00:00','','carlo',0,'1','2016-03-24 18:42:39','2016-03-24 18:42:39'),
(421,NULL,'Sodium chloride',NULL,'7647-14-5','S',1,1,4,500,1,'512',190,'Ar.','0000-00-00 00:00:00','','carlo',0,'1','2016-03-24 18:42:39','2016-03-24 18:42:39'),
(422,NULL,'Sodium bisulfite',NULL,'7631-90-5 ','S',500,500,4,500,1,'512',550,'Ar.','0000-00-00 00:00:00','','carlo',0,'1','2016-03-24 18:42:39','2016-03-24 18:42:39'),
(423,NULL,'Sodium azide',NULL,'26628-22-8','S',250,250,4,500,1,'512',1200,'Ar.','0000-00-00 00:00:00','','carlo',0,'1','2016-03-24 18:42:39','2016-03-24 18:42:39'),
(424,NULL,'Sodium nitrate',NULL,'7631-99-4','S',500,500,4,500,1,'512',820,'Ar.','0000-00-00 00:00:00','','carlo',0,'1','2016-03-24 18:42:39','2016-03-24 18:42:39'),
(425,NULL,'Sulphur',NULL,'7704-34-9','S',500,500,4,500,1,'512',0,'Ar.','0000-00-00 00:00:00','','carlo',0,'1','2016-03-24 18:42:39','2016-03-24 18:42:39'),
(426,NULL,'Sodium di-hydrogen phosphate',NULL,'7558-80-7','S',1,1,1,500,1,'512',650,'Ar.','0000-00-00 00:00:00','','fisher',0,'1','2016-03-24 18:42:39','2016-03-24 18:42:39'),
(427,NULL,'Salicylic acid',NULL,'69-72-7','S',500,500,4,500,1,'512',580,'Ar.','0000-00-00 00:00:00','','carlo',0,'1','2016-03-24 18:42:39','2016-03-24 18:42:39'),
(428,NULL,'Sodium sulfite',NULL,'7757-83-7','S',1,1,4,500,1,'512',550,'Ar.','0000-00-00 00:00:00','','carlo',0,'1','2016-03-24 18:42:39','2016-03-24 18:42:39'),
(429,NULL,'Sodium iodate',NULL,'7681-55-2','S',500,500,4,500,1,'512',9500,'Ar.','0000-00-00 00:00:00','','carlo',0,'1','2016-03-24 18:42:39','2016-03-24 18:42:39'),
(430,NULL,'Selenium ',NULL,'7782-49-2','S',100,100,4,500,1,'512',2650,'Ar.','0000-00-00 00:00:00','','fisher',0,'1','2016-03-24 18:42:39','2016-03-24 18:42:39'),
(431,NULL,'Sym-diphenylthiocarbazone',NULL,'60-10-6','S',5,5,4,500,1,'512',720,'Ar.','0000-00-00 00:00:00','','carlo',0,'1','2016-03-24 18:42:39','2016-03-24 18:42:39'),
(432,NULL,'Sodium arsenite',NULL,'7784-46-5 ','S',100,100,4,500,1,'512',720,'Ar.','0000-00-00 00:00:00','','Panreac',0,'1','2016-03-24 18:42:39','2016-03-24 18:42:39'),
(433,NULL,'Sodium carbonate',NULL,'6132 02 1','S',350,350,4,500,1,'512',960,'Ar.','0000-00-00 00:00:00','','carlo',0,'1','2016-03-24 18:42:39','2016-03-24 18:42:39'),
(434,NULL,'Calcium carbonate',NULL,'471-34-1','S',1,1,4,500,1,'512',960,'Ar.','0000-00-00 00:00:00','','Sigma',0,'1','2016-03-24 18:42:39','2016-03-24 18:42:39'),
(435,NULL,'แป้งมัน',NULL,'9005 - 25-8 ','S',1,1,4,500,1,'512',0,'Ar.','0000-00-00 00:00:00','','carlo',0,'1','2016-03-24 18:42:39','2016-03-24 18:42:39'),
(436,NULL,'Iron chloride',NULL,'7647-17-8','S',500,500,4,500,1,'512',740,'Ar.','0000-00-00 00:00:00','','carlo',0,'1','2016-03-24 18:42:39','2016-03-24 18:42:39'),
(437,NULL,'Magnesium oxide',NULL,'1309-48-4','S',100,100,4,500,1,'512',580,'Ar.','0000-00-00 00:00:00','','carlo',0,'1','2016-03-24 18:42:39','2016-03-24 18:42:39'),
(438,NULL,'Activated carbon',NULL,'7440-44-0','S',500,500,4,500,1,'512',550,'Ar.','0000-00-00 00:00:00','','Acros',0,'1','2016-03-24 18:42:39','2016-03-24 18:42:39'),
(439,NULL,'Sodium hexameta phosphate',NULL,'68915-31-1','S',1,1,4,500,1,'512',670,'Ar.','0000-00-00 00:00:00','','carlo',0,'1','2016-03-24 18:42:39','2016-03-24 18:42:39'),
(445,'a','a','a','a','S',1,1,1,1,1,'1',1,'a','2016-03-28 17:00:00','a','a',NULL,'1','2016-03-29 23:08:11',NULL);

/*Table structure for table `chem_import_log` */

DROP TABLE IF EXISTS `chem_import_log`;

CREATE TABLE `chem_import_log` (
  `cil_pk` int(11) NOT NULL AUTO_INCREMENT COMMENT 'PK ประวัตินำเข้า',
  `cil_useflg` varchar(1) DEFAULT NULL COMMENT 'สถานะการใช้งาน',
  `cil_crtDt` datetime DEFAULT NULL COMMENT 'วันเวลาที่สร้าง',
  `cil_cc_fk` int(11) DEFAULT NULL COMMENT 'FK สารเคมี',
  PRIMARY KEY (`cil_pk`),
  KEY `cil_cc_fk` (`cil_cc_fk`),
  CONSTRAINT `cil_cc_fk` FOREIGN KEY (`cil_cc_fk`) REFERENCES `chem_category` (`cc_pk`)
) ENGINE=InnoDB AUTO_INCREMENT=21 DEFAULT CHARSET=utf8;

/*Data for the table `chem_import_log` */

insert  into `chem_import_log`(`cil_pk`,`cil_useflg`,`cil_crtDt`,`cil_cc_fk`) values 
(18,'1','2016-04-12 17:11:43',3),
(19,'1','2016-04-12 18:14:04',7),
(20,'1','2016-04-12 18:14:04',8);

/*Table structure for table `chem_location` */

DROP TABLE IF EXISTS `chem_location`;

CREATE TABLE `chem_location` (
  `cl_pk` int(11) NOT NULL AUTO_INCREMENT COMMENT 'PK สถานที่',
  `cl_name` varchar(30) DEFAULT NULL COMMENT 'ชื่อสถานที่',
  `cl_desc` varchar(255) DEFAULT NULL COMMENT 'คำอธิบาย',
  `cl_useflg` varchar(1) DEFAULT NULL COMMENT 'สถานะการใช้งาน',
  `cl_crtDt` datetime DEFAULT NULL COMMENT 'วันเวลาที่เพิ่ม',
  `cl_updDt` datetime DEFAULT NULL COMMENT 'วันเวลาที่แก้ไข',
  PRIMARY KEY (`cl_pk`)
) ENGINE=InnoDB AUTO_INCREMENT=8 DEFAULT CHARSET=utf8;

/*Data for the table `chem_location` */

insert  into `chem_location`(`cl_pk`,`cl_name`,`cl_desc`,`cl_useflg`,`cl_crtDt`,`cl_updDt`) values 
(1,'จุฬาภรณ์1',NULL,'1','2016-03-24 17:47:54','2016-03-24 17:47:54'),
(2,'จุฬาภรณ์2',NULL,'1','2016-03-24 17:47:54','2016-03-24 17:47:56'),
(3,'จุฬาภรณ์3',NULL,'1','2016-03-24 17:47:54','2016-03-24 17:47:54'),
(4,'พอลิเมอร์ช็อป',NULL,'1','2016-03-24 17:47:54','2016-03-24 17:47:54'),
(5,'ตึกพระเทพ',NULL,'1','2016-03-24 17:47:54','2016-03-24 17:47:54'),
(6,'ตึกวิทย์เก่า',NULL,'1','2016-03-24 17:47:54','2016-03-24 17:47:54'),
(7,'คลังกลาง',NULL,'1','2016-03-24 17:47:54','2016-03-24 17:47:54');

/*Table structure for table `chem_project` */

DROP TABLE IF EXISTS `chem_project`;

CREATE TABLE `chem_project` (
  `cp_pk` int(11) NOT NULL AUTO_INCREMENT COMMENT 'PK โปรเจกต์',
  `cp_name` varchar(100) DEFAULT NULL COMMENT 'ชื่อโปรเจกต์',
  `cp_budget` double DEFAULT NULL COMMENT 'งบประมาณ',
  `cp_desc` varchar(255) DEFAULT NULL COMMENT 'คำอธิบาย',
  `cp_useflg` varchar(1) DEFAULT NULL COMMENT 'สถานะการใช้งาน',
  `cp_crtDt` datetime DEFAULT NULL COMMENT 'วันเวลาที่สร้าง',
  `cp_updDt` datetime DEFAULT NULL COMMENT 'วันเวลาที่แก้ไข',
  `cp_teach_fk` int(10) DEFAULT NULL COMMENT 'คีย์รหัสอาจาร์',
  PRIMARY KEY (`cp_pk`),
  KEY `cp_teach_fk` (`cp_teach_fk`),
  CONSTRAINT `chem_project_ibfk_1` FOREIGN KEY (`cp_teach_fk`) REFERENCES `chem_account` (`ca_pk`)
) ENGINE=InnoDB AUTO_INCREMENT=9 DEFAULT CHARSET=utf8;

/*Data for the table `chem_project` */

insert  into `chem_project`(`cp_pk`,`cp_name`,`cp_budget`,`cp_desc`,`cp_useflg`,`cp_crtDt`,`cp_updDt`,`cp_teach_fk`) values 
(1,'โปรเจคต้นแบบ1',7000,'บลาๆๆ','1','2016-03-26 15:46:44','2016-03-26 15:46:47',5),
(2,'โปรเจคต้นแบบ2',7000,'บลาๆๅ','1','2016-03-26 15:46:44','2016-03-26 15:46:44',5),
(3,'โปรเจคต้นแบบ3',7000,'บลาๆๅ','1','2016-03-26 15:46:44','2016-03-26 15:46:44',6),
(4,'โปรเจคต้นแบบ4',7000,'บลาๆๅ','1','2016-03-26 15:46:44','2016-03-26 15:46:44',6),
(7,'เคมีประยุกต์',10000,'ทดสอบเพิ่มโปรเจค','1','2016-03-28 15:13:16',NULL,2),
(8,'พอลิเมอร์',5000,'ทดสอบเพิ่มโปรเจค','1','2016-03-28 15:14:17',NULL,2);

/*Table structure for table `chem_receipt` */

DROP TABLE IF EXISTS `chem_receipt`;

CREATE TABLE `chem_receipt` (
  `cr_pk` int(11) NOT NULL AUTO_INCREMENT COMMENT 'PK ใบเสร็จ',
  `cr_no` varchar(30) DEFAULT NULL COMMENT 'เลขที่ใบเสร็จ',
  `cr_crtDt` datetime DEFAULT NULL COMMENT 'วันเวลาที่สร้าง',
  `cr_updDt` datetime DEFAULT NULL COMMENT 'วันเวลาที่แก้ไข',
  `cr_desc` varchar(255) DEFAULT NULL COMMENT 'คำอธิบาย',
  `cr_status` varchar(30) DEFAULT 'wait' COMMENT 'สถานะใบเสร็จ',
  `cr_useflg` varchar(1) DEFAULT '1' COMMENT 'สถานะการใช้งาน',
  `cr_cp_fk` int(11) DEFAULT NULL COMMENT 'FK โปรเจคที่ยืม',
  PRIMARY KEY (`cr_pk`),
  KEY `cr_cp_fk` (`cr_cp_fk`),
  CONSTRAINT `cr_cp_fk` FOREIGN KEY (`cr_cp_fk`) REFERENCES `chem_project` (`cp_pk`)
) ENGINE=InnoDB AUTO_INCREMENT=79 DEFAULT CHARSET=utf8;

/*Data for the table `chem_receipt` */

insert  into `chem_receipt`(`cr_pk`,`cr_no`,`cr_crtDt`,`cr_updDt`,`cr_desc`,`cr_status`,`cr_useflg`,`cr_cp_fk`) values 
(68,'NO.ทดสอบดึง','2016-04-06 20:39:48',NULL,NULL,'wait','1',1),
(69,'NO.ทดสอบดึง','2016-04-06 20:49:18',NULL,NULL,'wait','1',1),
(70,'NO.ทดสอบดึง','2016-04-06 20:59:37',NULL,NULL,'wait','1',1),
(71,'NO.ทดสอบดึง','2016-04-06 21:05:29',NULL,NULL,'wait','1',2),
(72,'NO.ทดสอบดึง','2016-04-06 22:47:27',NULL,NULL,'wait','1',1),
(73,'NO.ทดสอบดึง','2016-04-06 22:47:50',NULL,NULL,'wait','1',1),
(74,'NO.ทดสอบดึง','2016-04-06 23:02:23',NULL,NULL,'wait','1',2),
(75,'NO.ทดสอบดึง','2016-04-06 23:03:42',NULL,NULL,'wait','1',1),
(76,'NO.ทดสอบดึง','2016-04-06 23:12:23',NULL,NULL,'wait','1',1),
(77,'NO.ทดสอบดึง','2016-04-06 23:12:46',NULL,NULL,'wait','1',1),
(78,'NO.ทดสอบดึง','2016-04-11 21:19:09',NULL,NULL,'wait','1',1);

/*Table structure for table `chem_receipt_detail` */

DROP TABLE IF EXISTS `chem_receipt_detail`;

CREATE TABLE `chem_receipt_detail` (
  `crd_pk` int(11) NOT NULL AUTO_INCREMENT COMMENT 'PK รายละเอียดใบเสร็จ',
  `crd_cr_fk` int(11) DEFAULT NULL COMMENT 'FK ใบเสร็จ',
  `crd_cc_fk` int(11) DEFAULT NULL COMMENT 'FK สารเคมี',
  `crd_amt` double DEFAULT NULL COMMENT 'จำนวน',
  `crd_price` double DEFAULT NULL COMMENT 'ราคาต่อหน่วย',
  `crd_unit` varchar(10) DEFAULT NULL COMMENT 'หน่วย',
  `crd_useflg` varchar(1) DEFAULT '1' COMMENT 'สถานะการใช้งาน',
  `crd_crtDt` datetime DEFAULT NULL COMMENT 'วันเวลาที่สร้าง',
  `crd_updDt` datetime DEFAULT NULL COMMENT 'วันเวลาที่แก้ไข',
  PRIMARY KEY (`crd_pk`),
  KEY `crd_cr_fk` (`crd_cr_fk`),
  KEY `crd_cc_fk` (`crd_cc_fk`),
  CONSTRAINT `crd_cc_fk` FOREIGN KEY (`crd_cc_fk`) REFERENCES `chem_category` (`cc_pk`),
  CONSTRAINT `crd_cr_fk` FOREIGN KEY (`crd_cr_fk`) REFERENCES `chem_receipt` (`cr_pk`)
) ENGINE=InnoDB AUTO_INCREMENT=64 DEFAULT CHARSET=utf8;

/*Data for the table `chem_receipt_detail` */

insert  into `chem_receipt_detail`(`crd_pk`,`crd_cr_fk`,`crd_cc_fk`,`crd_amt`,`crd_price`,`crd_unit`,`crd_useflg`,`crd_crtDt`,`crd_updDt`) values 
(51,68,7,100,100,'kg','1','2016-04-06 20:39:48',NULL),
(52,68,8,0.1,69,'kg','1','2016-04-06 20:39:48',NULL),
(53,69,15,0,0,'kg','1','2016-04-06 20:49:18',NULL),
(54,69,8,0.001,1,'kg','1','2016-04-06 20:49:18',NULL),
(55,70,7,0,0,'kg','1','2016-04-06 20:59:37',NULL),
(56,71,8,1,690,'kg','1','2016-04-06 21:05:29',NULL),
(57,72,7,1000,1000,'kg','1','2016-04-06 22:47:27',NULL),
(58,73,7,1,1,'kg','1','2016-04-06 22:47:50',NULL),
(59,74,7,1000,1000,'kg','1','2016-04-06 23:02:23',NULL),
(60,75,22,1000,1000,'kg','1','2016-04-06 23:03:42',NULL),
(61,76,7,1000,1000,'kg','1','2016-04-06 23:12:23',NULL),
(62,77,7,0.123,0.123,'kg','1','2016-04-06 23:12:46',NULL),
(63,78,7,10,10,'kg','1','2016-04-11 21:19:10',NULL);

/*Table structure for table `chem_request_log` */

DROP TABLE IF EXISTS `chem_request_log`;

CREATE TABLE `chem_request_log` (
  `crl_pk` int(11) NOT NULL AUTO_INCREMENT COMMENT 'PK ล็อกการร้องขอ',
  `crl_cc_code` int(11) DEFAULT NULL COMMENT 'รหัสสารเคมี',
  `crl_cc_state` varchar(20) DEFAULT NULL COMMENT 'สถานะสารเคมี',
  `crl_desc` varchar(255) DEFAULT NULL COMMENT 'คำอธิบาย',
  `crl_useflg` varchar(1) DEFAULT NULL COMMENT 'สถานะการใช้งาน',
  `crl_crtDt` datetime DEFAULT NULL COMMENT 'วันเวลาที่สร้าง',
  `crl_updDt` datetime DEFAULT NULL COMMENT 'วันเวลาที่แก้ไข',
  PRIMARY KEY (`crl_pk`)
) ENGINE=InnoDB DEFAULT CHARSET=utf8;

/*Data for the table `chem_request_log` */

/*Table structure for table `chem_request_other` */

DROP TABLE IF EXISTS `chem_request_other`;

CREATE TABLE `chem_request_other` (
  `cro_pk` int(11) NOT NULL AUTO_INCREMENT COMMENT 'PK คำร้องอื่นๆ',
  `cro_desc` varchar(255) DEFAULT NULL COMMENT 'คำอธิบาย',
  `cro_useflg` varchar(1) DEFAULT NULL COMMENT 'สถานะการใช้งาน',
  `cro_crtDt` datetime DEFAULT NULL COMMENT 'วันเวลาที่สร้าง',
  `cro_updDt` datetime DEFAULT NULL COMMENT 'วันเวลาที่แก้ไข',
  `cro_status` varchar(1) DEFAULT NULL COMMENT 'สถานะคำร้อง( 0=รอการยืนยัน, 1=ยืนยันเรียบร้อย)',
  `cro_ca_fk` int(11) DEFAULT NULL COMMENT 'FK ผู้ร้องขอ',
  PRIMARY KEY (`cro_pk`),
  KEY `cro_ca_fk` (`cro_ca_fk`),
  CONSTRAINT `cro_ca_fk` FOREIGN KEY (`cro_ca_fk`) REFERENCES `chem_account` (`ca_pk`)
) ENGINE=InnoDB AUTO_INCREMENT=5 DEFAULT CHARSET=utf8;

/*Data for the table `chem_request_other` */

insert  into `chem_request_other`(`cro_pk`,`cro_desc`,`cro_useflg`,`cro_crtDt`,`cro_updDt`,`cro_status`,`cro_ca_fk`) values 
(1,'ทดสอบ','1','2016-04-18 16:53:00','2016-04-20 02:44:40','0',2),
(2,'ทดสอบ2','1','0000-00-00 00:00:00','2016-04-20 02:44:46','0',2),
(3,'ทอสอบ3','1','2016-04-19 15:22:40','2016-04-20 02:44:50','0',2),
(4,'ทดสอบ4','1','2016-04-19 16:15:09','2016-04-20 02:47:50','1',2);

/*Table structure for table `chem_unit` */

DROP TABLE IF EXISTS `chem_unit`;

CREATE TABLE `chem_unit` (
  `cu_pk` int(11) NOT NULL AUTO_INCREMENT COMMENT 'PK หน่วย',
  `cu_name` varchar(10) DEFAULT NULL COMMENT 'ชื่อหน่วย',
  `cu_name_abb` varchar(10) DEFAULT NULL COMMENT 'ชื่อย่อหน่วย',
  `cu_desc` varchar(255) DEFAULT NULL COMMENT 'คำอธิบาย',
  `cu_useflg` varchar(1) DEFAULT NULL COMMENT 'สถานะการใช้งาน',
  `cu_crtDt` datetime DEFAULT NULL COMMENT 'วันเวลาที่สร้าง',
  `cu_updDt` datetime DEFAULT NULL COMMENT 'วันเวลาที่แก้ไข',
  PRIMARY KEY (`cu_pk`)
) ENGINE=InnoDB AUTO_INCREMENT=6 DEFAULT CHARSET=utf8;

/*Data for the table `chem_unit` */

insert  into `chem_unit`(`cu_pk`,`cu_name`,`cu_name_abb`,`cu_desc`,`cu_useflg`,`cu_crtDt`,`cu_updDt`) values 
(1,'Kilogram','kg',NULL,'1','2016-03-24 17:47:54','2016-03-24 17:47:54'),
(2,'Milligram','mg',NULL,'1','2016-03-24 17:47:54','2016-03-24 17:47:54'),
(3,'Litre','l',NULL,'1','2016-03-24 17:47:54','2016-03-24 17:47:54'),
(4,'gram','g',NULL,'1','2016-03-24 17:47:54','2016-03-24 17:47:54'),
(5,'Milligram','ml',NULL,'1','2016-03-24 17:47:54','2016-03-24 17:47:54');

/*!40101 SET SQL_MODE=@OLD_SQL_MODE */;
/*!40014 SET FOREIGN_KEY_CHECKS=@OLD_FOREIGN_KEY_CHECKS */;
/*!40014 SET UNIQUE_CHECKS=@OLD_UNIQUE_CHECKS */;
/*!40111 SET SQL_NOTES=@OLD_SQL_NOTES */;
